ORG,CITY,COUNTRY,label
Akademia e Forcave të Armatosura,Tirana,Albania,
Akademia IVODENT,Tirana,Albania,
FHWien der WKW,Vienna,Austria,
Pädagogische Hochschule Wien,Vienna,Austria,Pädagogische Hochschule Wien {https://ror.org/0105rz203}
Académie royale des Beaux-Arts de la Ville de Bruxelles - École supérieure des Arts,Brussels,Belgium,Académie Royale des Beaux-Arts {https://ror.org/0200zrw72}
Arteveldehogeschool,Gent,Belgium,Artevelde University College Ghent {https://ror.org/04ffw0491}
Ecole industrielle et commerciale de la Ville de Namur,Namur,Belgium,
Haute Ecole de la Province de Namur,Namur,Belgium,Haute École de la Province de Namur {https://ror.org/04sv11p30}
Katholieke Hogeschool Brugge-Oostende,Brugge,Belgium,Catholic University College of Bruges–Ostend {https://ror.org/0113zvv22}
Tehnicko veleučilište u Zagrebu,Zagreb,Croatia,Tehničko Veleučilište u Zagrebu {https://ror.org/03jbhek14}
"Academia Rerum Civilium - Vysoká škola politických a společenských věd, s.r.o.",Kutná Hora,Czech Republic,Academia Rerum Civilium - Vysoká Skola Politických a Společenských Věd {https://ror.org/05xw54w34}
"Metropolitní univerzita v Praze, o.p.s.",Prague,Czech Republic,Metropolitan University Prague {https://ror.org/01zdaff53}
"NEWTON College, a.s.",Brno,Czech Republic,NEWTON University {https://ror.org/049ezvq17}
Den Danske Scenekunstskole,Copenhagen,Denmark,
Ilisimatusarfik,Nuussuaq,Denmark,University of Greenland {https://ror.org/00t5j6b61}
Hämeen ammattikorkeakoulu,Hämeenlinna,Finland,Häme University of Applied Sciences {https://ror.org/01eg9n443}
Oulun ammattikorkeakoulu,Oulu,Finland,Oulu University of Applied Sciences {https://ror.org/03dvp8k55}
École normale supérieure de Paris,Paris,France,École Normale Supérieure - PSL {https://ror.org/05a0dhs15}
Grenoble École de management,Grenoble,France,Grenoble Ecole de Management {https://ror.org/01h4fxd96}
Institut national des langues et civilisations orientales,Paris,France,Institut National des Langues et Civilisations Orientales {https://ror.org/023zg8w32}
Université de Franche-Comté,Besançon,France,University of Franche-Comté {https://ror.org/03pcc9z86}
Université de Toulon,La Garde,France,Université de Toulon {https://ror.org/02m9kbe37}
Université des Antilles et de la Guyane,Pointe-à-Pitre,France,Université des Antilles {https://ror.org/02ryfmr77}
Université Paris 1 - Panthéon Sorbonne,Paris,France,Université Paris 1 Panthéon-Sorbonne {https://ror.org/002t25c44}
Université Sorbonne Nouvelle - Paris 3,Paris,France,Université Sorbonne Nouvelle {https://ror.org/03z6jp965}
Hochschule Offenburg,Offenburg,Germany,Offenburg University of Applied Sciences {https://ror.org/03zh5eq96}
Hochschule Ostewestfalen-Lippe,Lemgo,Germany,Ostwestfalen-Lippe University of Applied Sciences and Arts {https://ror.org/04eka8j06}
Accademia delle Belle Arti di Lecce,Lecce,Italy,Accademia di Belle Arti di Lecce {https://ror.org/05fp0vp37}
Università degli Studi di MILANO-BICOCCA,Milano,Italy,University of Milano-Bicocca {https://ror.org/01ynf4891}
Academia Tehnică Militară din Bucureşti,Bucharest,Romania,Military Technical Academy {https://ror.org/01tqmsq19}
"Akademia e Filmit dhe Multimedias ""Marubi""",Tirana,Albania,Academy of Film & Multimedia “MARUBI” {https://ror.org/05rjmhp95}
"Universiteti ""Albanian University""",Tirana,Albania,Albanian University {https://ror.org/02f8a6404}
"Universiteti ""Aleksandër Moisiu"", Durrës",Durrës,Albania,Aleksandër Moisiu University {https://ror.org/023p15505}
"Universiteti ""EPOKA""",Tirana,Albania,Epoka University {https://ror.org/04xgcc957}
Universiteti Bujqësor i Tiranës,Tirana,Albania,Agricultural University of Tirana {https://ror.org/03k793y62}
"Universiteti i Elbasanit ""Aleksandër Xhuvani""",Elbasan,Albania,University of Elbasan {https://ror.org/03c19jm06}
Universiteti i Tiranës,Tirana,Albania,University of Tirana {https://ror.org/03g9v2404}
"Universiteti i Vlorës, ""Ismail Qemali""",Vlorë,Albania,University of Vlorë {https://ror.org/05ger6s34}
"Universiteti Katolik ""Zoja e Këshillit të Mirë""",Tirana,Albania,Catholic University Our Lady of Good Counsel {https://ror.org/01qgdf403}
Universiteti Luarasi,Tirana,Albania,Luarasi University {https://ror.org/05qwfk367}
Universiteti Politeknik i Tiranës,Tirana,Albania,Polytechnic University of Tirana {https://ror.org/05aec4025}
Universitat d'Andorra,Sant Julià de Lòria,Andorra,University of Andorra {https://ror.org/00w7mf142}
Universitat Oberta La Salle,La Massana,Andorra,
Akademie der bildenden Künste Wien,Vienna,Austria,Academy of Fine Arts Vienna {https://ror.org/029djt864}
Danube Private University,Krems an der Donau,Austria,Danube Private University {https://ror.org/054ebrh70}
Fachhochschule Campus Wien,Vienna,Austria,FH Campus Wien {https://ror.org/003f4pg83}
Fachhochschule Kärnten,Spittal an der Drau,Austria,Carinthia University of Applied Sciences {https://ror.org/036w00e23}
Fachhochschule St. Pölten GmbH,St. Pölten,Austria,St. Pölten University of Applied Sciences {https://ror.org/039a2re55}
FH JOANNEUM Gesellschaft mbH,Graz,Austria,FH JOANNEUM University of Applied Sciences {https://ror.org/03kkbqm48}
FH OÖ Studienbetriebs GmbH,Wels,Austria,University of Applied Sciences Upper Austria {https://ror.org/03jqp6d56}
FHS Kufstein Tirol Bildungs GmbH,Kufstein,Austria,University of Applied Sciences Kufstein {https://ror.org/04r1x2k35}
Kirchliche Pädagogische Hochschule Edith Stein,Innsbruck,Austria,Kirchliche Pädagogische Hochschule Edith Stein {https://ror.org/04kne2879}
Paracelsus Medizinische Privatuniversität Salzburg,Salzburg,Austria,Paracelsus Medical University {https://ror.org/03z3mg085}
Private Pädagogische Hochschule der Diözese Linz,Linz,Austria,Private University College of Education of the Diocese of Linz {https://ror.org/00wb8n271}
Technische Universität Graz,Graz,Austria,Graz University of Technology {https://ror.org/00d7xrm67}
Technische Universität Wien,Vienna,Austria,TU Wien {https://ror.org/04d836q62}
Universität für angewandte Kunst Wien,Vienna,Austria,University of Applied Arts Vienna {https://ror.org/05yjy4360}
Universität Mozarteum Salzburg,Salzburg,Austria,Mozarteum University of Salzburg {https://ror.org/00tfmqe91}
Académie des Beaux-Arts de la ville de Tournai,Tournai,Belgium,Académie des Beaux-Arts de Tournai {https://ror.org/02k7ygp86}
Arts²,Mons,Belgium,Arts² {https://ror.org/00tf9x563}
Centre d'enseignement supérieur pour adultes,Charleroi,Belgium,
Centre de formation culturelle et sociale,Brussels,Belgium,
Collège Technique Saint-Henri,Mouscron,Belgium,
Conservatoire royal de musique de Bruxelles,Brussels,Belgium,Royal Conservatory of Brussels {https://ror.org/033wswd35}
Conservatoire royal de musique de Liège,Liège,Belgium,Royal Conservatory of Liège {https://ror.org/01zb1m871}
Cours de promotion sociale d'Uccle,Uccle,Belgium,
Cours industriels,Brussels,Belgium,
Ecole industrielle et commerciale d'Arlon,Arlon,Belgium,
Ecole nationale supérieure des Arts visuels de La Cambre,Brussels,Belgium,La Cambre {https://ror.org/00y3r0391}
Ecole supérieure des Arts - École de Recherche graphique,Brussels,Belgium,École de Recherche Graphique {https://ror.org/03ba15j53}
Ecole supérieure des Arts de l'Image LE 75,Brussels,Belgium,École Supérieure des Arts de l'Image Le 75 {https://ror.org/05ez1q344}
Ecole supérieure des Arts du Cirque,Anderlecht,Belgium,Superior School of Circus Arts {https://ror.org/03khyar38}
Ecole supérieure des Arts Saint-Luc de Liège,Liège,Belgium,École Supérieure des Arts Saint-Luc de Liège {https://ror.org/02zwsc421}
Enseignement de Promotion et de Formation continue EPFC 1,Saint-Josse-ten-Noode,Belgium,
Enseignement de Promotion et de Formation continue EPFC 3,Saint-Josse-ten-Noode,Belgium,
Erasmushogeschool Brussel,Anderlecht,Belgium,Erasmus University College Brussels {https://ror.org/01767d733}
Etablissement d'Enseignement pour Adultes et de Formation Continue Sud-Luxembourg,Arlon,Belgium,
Haute Ecole Albert Jacquard,Namur,Belgium,Haute École Albert Jacquard {https://ror.org/00zx7z876}
Haute Ecole Charlemagne,Liège,Belgium,Haute École Charlemagne {https://ror.org/03er55z68}
Haute Ecole de Bruxelles,Brussels,Belgium,Haute École de Bruxelles {https://ror.org/040nxjw81}
Haute Ecole de la Communauté française en Hainaut,Mons,Belgium,Haute École en Hainaut {https://ror.org/007cpvh39}
Haute Ecole de la Province de Liège,Jemeppe-sur-Sambre,Belgium,Haute École de la Province de Liège {https://ror.org/03kmar131}
Haute Ecole de la Ville de Liège,Liège,Belgium,Haute École de la Ville de Liège {https://ror.org/03y37ca41}
Haute Ecole Galilée,Brussels,Belgium,Haute École Galilée {https://ror.org/028rd3808}
Haute Ecole ICHEC - ECAM - ISFSC,Brussels,Belgium,Brussels Management School {https://ror.org/01kdhhd16}
Haute Ecole Léonard de Vinci,Woluwe-Saint-Lambert,Belgium,Haute École Léonard de Vinci {https://ror.org/04vmtqg68}
Haute Ecole Libre de Bruxelles Ilya Prigogine,Brussels,Belgium,Haute École Libre de Bruxelles Ilya Prigogine {https://ror.org/02k7e9603}
Haute Ecole Libre Mosane,Liège,Belgium,Haute École Libre Mosane {https://ror.org/052x1x555}
Haute Ecole Louvain en Hainaut,Mons,Belgium,Haute École Louvain en Hainaut {https://ror.org/03sfp2d76}
Haute Ecole Lucia de Brouckère,Anderlecht,Belgium,Higher Education Institution Lucia de Brouckère {https://ror.org/00cm6et23}
Haute Ecole Paul-Henri Spaak,Ixelles,Belgium,
Haute Ecole Provinciale du Hainaut - Condorcet,Mons,Belgium,Haute École Provinciale de Hainaut Condorcet {https://ror.org/02a22tx41}
Institut d'enseignement de promotion sociale de la Communauté française de Libramont,Libramont-Chevigny,Belgium,
Institut d'enseignement de promotion sociale de la Communauté française de Morlanwelz,Morlanwelz,Belgium,
Institut national supérieur des Arts du Spectacle et des Techniques de Diffusion,Brussels,Belgium,Institut National Supérieur des Arts du Spectacle et des Techniques de Diffusion {https://ror.org/0578r5v59}
Institut supérieur de Musique et de Pédagogie,Namur,Belgium,Institut Supérieur de Musique et de Pédagogie {https://ror.org/01hr7tp17}
Institut supérieur Plus Oultre,Binche,Belgium,
Institut technique et agricole de la Province du Hainaut,Soignies,Belgium,
Karel de Grote-Hogeschool - Katholieke Hogeschool Antwerpen,Antwerp,Belgium,Karel de Grote University College {https://ror.org/05acs9g96}
Katholieke Hogeschool Leuven,Leuven,Belgium,
Université catholique de Louvain,Louvain-La-Neuve,Belgium,Université Catholique de Louvain {https://ror.org/02495e989}
Université de Liège,Liège,Belgium,University of Liège {https://ror.org/00afp2z80}
Université de Mons,Mons,Belgium,University of Mons {https://ror.org/02qnnz951}
Université de Namur,Namur,Belgium,University of Namur {https://ror.org/03d1maw17}
Université du Travail - Institut d'enseignement technique commercial,Charleroi,Belgium,Université du Travail Paul Pastur {https://ror.org/0114pns79}
Висше училище по мениджмънт,Dobrich,Bulgaria,Varna University of Management {https://ror.org/01xaxtt28}
Висше училище по сигурност и икономика,Plovdiv,Bulgaria,University of Security and Economics {https://ror.org/03athrm05}
Лесотехнически университет,Sofia,Bulgaria,University of Forestry {https://ror.org/033t8gt11}
Медицински университет - Плевен,Pleven,Bulgaria,Medical University Pleven {https://ror.org/049ztct72}
"Софийски университет ""Св. Климент Охридски""",Sofia,Bulgaria,Sofia University {https://ror.org/02jv3k292}
Технически университет - Варна,Varna,Bulgaria,Technical University of Varna {https://ror.org/03zrwm897}
Технически университет - Габрово,Gabrovo,Bulgaria,Technical University of Gabrovo {https://ror.org/028d5by70}
Университет по библиотекознание и информационни технологии,Sofia,Bulgaria,University of Library Studies and Information Technologies {https://ror.org/001nkz398}
Университетът по хранителни технологии,Plovdiv,Bulgaria,University of Food Technologies {https://ror.org/0014fb593}
Libertas Međunarodno Sveučilište,Zagreb,Croatia,Dubrovnik International University {https://ror.org/03wz5pw26}
RIT Croatia,Dubrovnik,Croatia,Rochester Institute of Technology Croatia {https://ror.org/03jgxzm03}
Sveučilište Jurja Dobrile u Puli,Pula,Croatia,Juraj Dobrila University of Pula {https://ror.org/006ks2460}
Sveučilište Sjever,Koprivnica,Croatia,University North {https://ror.org/01afbkc02}
Sveučilište u Zadru,Zadar,Croatia,University of Zadar {https://ror.org/00t89vb53}
Sveučilište u Zagrebu,Zagreb,Croatia,University of Zagreb {https://ror.org/00mv6sv71}
Veleučilište u Šibeniku,Šibenik,Croatia,Polytechnics of Šibenik {https://ror.org/04sv2e820}
Veleučilište Velika Gorica,Velika Gorica,Croatia,Veleučilište Velika Gorica {https://ror.org/035ghve61}
"Veleučilište VERN`, Zagreb",Zagreb,Croatia,Vern University of Applied Sciences {https://ror.org/00mff5m03}
Visoka tehnicka škola u Bjelovaru,Bjelovar,Croatia,
Ανοικτό Πανεπιστήμιο Κύπρου,Latsia,Cyprus,Open University of Cyprus {https://ror.org/033sm2k57}
Πανεπιστήμιο Frederick,Nicosia,Cyprus,Frederick University {https://ror.org/05d8tf882}
"B.I.B.S., a.s.",Brno,Czech Republic,Brno International Business School {https://ror.org/03mv3zz84}
Česká zemědělská univerzita v Praze,Prague,Czech Republic,Czech University of Life Sciences Prague {https://ror.org/0415vcw02}
"CEVRO Institut, o.p.s.",Prague,Czech Republic,CEVRO Institute {https://ror.org/01pg7ze09}
"Filmová akademi Miroslava Ondříčka v Písku, o.p.s.",Písek,Czech Republic,Film Academy of Miroslav Ondříček {https://ror.org/00jdhb158}
Masarykova univerzita,Brno,Czech Republic,Masaryk University {https://ror.org/02j46qs45}
Mendelova univerzita v Brně,Brno,Czech Republic,Mendel University in Brno {https://ror.org/058aeep47}
Ostravská univerzita,Ostrava,Czech Republic,University of Ostrava {https://ror.org/00pyqav47}
Univerzita Hradec Králové,Hradec Králové,Czech Republic,University of Hradec Králové {https://ror.org/05k238v14}
"Vysoká škola finanční a správní, o.p.s.",Prague,Czech Republic,University of Finance and Administration {https://ror.org/020ydms54}
Aalborg Universitet,Aalborg,Denmark,Aalborg University {https://ror.org/04m5j1k67}
Aarhus Universitet,Aarhus,Denmark,Aarhus University {https://ror.org/01aj84f44}
Danmarks Tekniske Universitet,Lyngby,Denmark,Technical University of Denmark {https://ror.org/04qtj9h94}
Den Frie Lærerskole,Vester Skerninge,Denmark,
Designskolen Kolding,Kolding,Denmark,Design School Kolding {https://ror.org/00a736592}
Det Jyske Musikkonservatorium,Aarhus,Denmark,Royal Academy of Music {https://ror.org/01jvdtb95}
Det Kgl. Danske Musikkonservatorium,Frederiksberg,Denmark,Royal Danish Academy of Music {https://ror.org/04np6eb38}
Erhvervsakademi Aarhus,Viby,Denmark,Business Academy Aarhus {https://ror.org/055dvgm08}
Erhvervsakademi Midtvest,Herning,Denmark,Erhvervsakademi MidtVest {https://ror.org/02v5cy890}
Handelshøjskolen i Kobenhavn,Frederiksberg,Denmark,Copenhagen Business School {https://ror.org/04sppb023}
IT-Universitetet i København,Copenhagen,Denmark,IT University of Copenhagen {https://ror.org/02309jg23}
Københavns Erhvervsakademie (KEA),Copenhagen,Denmark,Copenhagen School of Design and Technology {https://ror.org/00j1xwp39}
Københavns Professionshøjskole,Copenhagen,Denmark,University College Copenhagen {https://ror.org/004r9h172}
Københavns Universitet,Copenhagen,Denmark,University of Copenhagen {https://ror.org/035b05819}
Martec - Frederikshavns Maritime uddannelsescenter,Frederikshavn,Denmark,
Professionshøjskolen UCC,Copenhagen,Denmark,University College Copenhagen {https://ror.org/004r9h172}
Professionshøjskolen University College Nordjylland,Hjørring,Denmark,University College of Northern Denmark {https://ror.org/056c4z730}
Roskilde Universitet,Roskilde,Denmark,Roskilde University {https://ror.org/014axpa37}
Rytmisk Musikkonservatorium,Copenhagen,Denmark,Rhythmic Music Conservatory {https://ror.org/059qxqp56}
Syddansk Musikkonservatorium,Odense,Denmark,Danish National Academy of Music {https://ror.org/04zbzhb67}
University College Syddanmark,Esbjerg,Denmark,University College South Denmark {https://ror.org/058q57q63}
VIA University College,Risskov,Denmark,VIA University College {https://ror.org/04ctbxy49}
Eesti Hotelli- ja Turismikõrgkool,Tallinn,Estonia,
Eesti Infotehnoloogia Kolledž,Tallinn,Estonia,Estonian Information Technology College {https://ror.org/040zb1w28}
Eesti Metodisti Kiriku Teoloogiline Seminar,Tallinn,Estonia,Baltic Methodist Theological Seminary {https://ror.org/035dn9148}
Eesti Muusika- ja Teatriakadeemia,Tallinn,Estonia,Estonian Academy of Music and Theatre {https://ror.org/046p0fc17}
Estonian Business School,Tallinn,Estonia,Estonian Business School {https://ror.org/04e67ap71}
Euroakadeemia,Tallinn,Estonia,EuroAcademy {https://ror.org/02hb34304}
Kõrgem Kunstikool Pallas,Tartu,Estonia,Tartu Art College {https://ror.org/03sx66s94}
Lääne-Viru Rakenduskõrgkool,Mõdriku,Estonia,Lääne-Viru College {https://ror.org/01c9ma830}
Tallinna Tehnikaülikool,Tallinn,Estonia,Tallinn University of Technology {https://ror.org/0443cwa12}
Tartu Kõrgem Kunstikool,Tartu,Estonia,Tartu Art College {https://ror.org/03sx66s94}
Tartu Ülikool,Tartu,Estonia,University of Tartu {https://ror.org/03z77qz90}
Aalto-yliopisto,Espoo,Finland,Aalto University {https://ror.org/020hwjq30}
Åbo Akademi,Turku,Finland,Åbo Akademi University {https://ror.org/029pk6x14}
Högskolan på Åland,Maarianhamina - Mariehamn,Finland,Åland University of Applied Sciences {https://ror.org/05mknbx32}
Humanistinen ammattikorkeakoulu,Helsinki,Finland,Humak University of Applied Sciences {https://ror.org/000rak666}
Kajaanin ammattikorkeakoulu,Kajaani,Finland,Kajaani University of Applied Sciences {https://ror.org/02ec8mb70}
Karelia-ammattikorkeakoulu,Joensuu,Finland,Karelia University of Applied Sciences {https://ror.org/00db2vc28}
Lapin yliopisto,Rovaniemi,Finland,University of Lapland {https://ror.org/05jzt8766}
Lappeenrannan-Lahden teknillinen yliopisto LUT,Lappeenranta,Finland,Lappeenranta-Lahti University of Technology {https://ror.org/0208vgz68}
Poliisiammattikorkeakoulu,Tampere,Finland,Police University College {https://ror.org/04wkq2s46}
Tampereen ammattikorkeakoulu,Tampere,Finland,Tampere University of Applied Sciences {https://ror.org/00bwtjf83}
Tampereen teknillinen yliopisto,Tampere,Finland,Tampere University of Technology {https://ror.org/02ba3pt07}
Yrkeshögskolan Arcada,Helsinki,Finland,Arcada University of Applied Sciences {https://ror.org/02s466x84}
Yrkeshögskolan Novia,Vaasa,Finland,Novia University of Applied Sciences {https://ror.org/05e08rb26}
Aix-Marseille université,Marseille,France,Aix-Marseille University {https://ror.org/035xkbk20}
Brest Business School,Brest,France,
Centrale Lille Institut,Villeneuve-d'Ascq,France,École Centrale de Lille {https://ror.org/01x441g73}
CentraleSupélec,Gif-sur-Yvette,France,CentraleSupélec {https://ror.org/019tcpt25}
Centre Universitaire de Mayotte,Dembéni,France,
Collège de France,Paris,France,Collège de France {https://ror.org/04ex24z53}
Comue Université Bourgogne Franche-Comté,Besançon,France,Université Bourgogne Franche-Comté {https://ror.org/02dn7x778}
Conservatoire national des arts et métiers,Paris,France,Conservatoire National des Arts et Métiers {https://ror.org/0175hh227}
Conservatoire national supérieur de musique et de danse de Paris,Paris,France,Paris Conservatory {https://ror.org/030h5jp79}
ECAM - EPMI Graduate School of Engineering,Cergy,France,ECAM-EPMI {https://ror.org/05bdngh08}
École centrale de Lyon,Écully,France,École Centrale de Lyon {https://ror.org/05s6rge65}
École centrale de Marseille,Marseille,France,Centrale Marseille {https://ror.org/040baw385}
Ecole centrale de Nantes,Nantes,France,École Centrale de Nantes {https://ror.org/03nh7d505}
École de l'air,Salon-de-Provence,France,École de l'Air {https://ror.org/01gtsrs29}
École de Management Léonard de Vinci,Paris,France,
École européenne supérieure de l'image,Angoulême,France,École Européenne Supérieure de l'Image {https://ror.org/01dn7gg32}
Ecole nationale des finances publiques,Noisy-le-Grand,France,
École nationale des greffes,Dijon,France,École Nationale des Greffes {https://ror.org/01pcs0h38}
École nationale supérieure d'architecture de Bretagne,Rennes,France,École Nationale Supérieure d'Architecture de Bretagne {https://ror.org/04eghjs57}
École nationale supérieure des beaux-arts,Paris,France,École Nationale Supérieure des Beaux-Arts {https://ror.org/01cdn3r29}
École nationale supérieure des mines d'Albi-Carmaux,Albi,France,IMT Mines Albi {https://ror.org/00bq8vv83}
École nationale supérieure des mines de Douai,Douai,France,École des Mines de Douai {https://ror.org/05ate2e14}
École nationale supérieure des mines de Paris,Paris,France,Mines Paris - PSL {https://ror.org/04y8cs423}
Ecole nationale supérieure des télécommunications,Paris,France,Télécom Paris {https://ror.org/01naq7912}
École nationale supérieure du pétrole et des moteurs,Rueil-Malmaison,France,IFP Énergies nouvelles {https://ror.org/03gcbhc33}
École nationale supérieure maritime,Le Havre,France,National Maritime College of France {https://ror.org/043qd1272}
École Navale,Lanvéoc,France,École Navale {https://ror.org/030txnd05}
École supérieure d'ingénieurs des travaux de la construction de Metz,Metz,France,École Supérieure d'Ingénieurs des Travaux de la Construction de Metz {https://ror.org/00s13q694}
École Supérieure d'Ingénieurs en Électronique et Électrotechnique Amiens,Amiens,France,UniLaSalle Amiens (ESIEE-Amiens) {https://ror.org/03r13py57}
École supérieure de physique et de chimie industrielles de la ville de Paris,Paris,France,ESPCI Paris {https://ror.org/03zx86w41}
ESCP Europe,Paris,France,ESCP Business School {https://ror.org/040hhjv66}
ESME Sudria,Ivry-sur-Seine,France,ESME - École d’ingénieurs pluridisciplinaires {https://ror.org/00nf3nv81}
Grenoble INP,Grenoble,France,Grenoble Institute of Technology {https://ror.org/05sbt2524}
Institut d'Optique Graduate School,Palaiseau,France,Institut d’Optique Graduate School {https://ror.org/00d0rke27}
Institut de physique du globe,Paris,France,Institut de physique du globe de Paris {https://ror.org/004gzqz66}
Institut national polytechnique de Toulouse,Toulouse,France,National Polytechnic Institute of Toulouse {https://ror.org/033p9g875}
"Institut national supérieur des sciences agronomiques, de l'alimentation et de l'environnement",Dijon,France,L'Institut Agro Dijon {https://ror.org/03zek0r74}
Télécom ParisTech,Paris,France,Télécom Paris {https://ror.org/01naq7912}
Telecom Saint-Étienne,Saint-Étienne,France,
Université de Bretagne Occidentale,Brest,France,Université de Bretagne Occidentale {https://ror.org/01b8h3982}
Université de Bretagne-Sud,Lorient,France,University of Southern Brittany {https://ror.org/04ed7fw48}
Université de Caen Basse-Normandie,Caen,France,Université de Caen Normandie {https://ror.org/051kpcy16}
Université de Grenoble,Saint-Martin-d'Hères,France,Université Grenoble Alpes {https://ror.org/02rx3b187}
Université de Grenoble Alpes,Grenoble,France,Université Grenoble Alpes {https://ror.org/02rx3b187}
Université de Guyane,Cayenne,France,University of French Guiana {https://ror.org/00nb39k71}
Université de Haute-Alsace,Mulhouse,France,University of Upper Alsace {https://ror.org/04k8k6n84}
Université de la Polynésie Française,Punaauia,France,University of French Polynesia {https://ror.org/03ay59x86}
Université de Lille,Lille,France,University of Lille {https://ror.org/02kzqn938}
Université de Perpignan - Via Domitia,Perpignan,France,University of Perpignan {https://ror.org/03am2jy38}
Université de Poitiers,Poitiers,France,University of Poitiers {https://ror.org/04xhy8q59}
Université de recherche Paris sciences et lettres,Paris,France,Université Paris Sciences et Lettres {https://ror.org/013cjyk83}
Université de Reims Champagne-Ardenne,Reims,France,University of Reims Champagne-Ardenne {https://ror.org/03hypw319}
Université de Savoie Mont Blanc,Chambéry,France,Université Savoie Mont Blanc {https://ror.org/04gqg1a07}
Université de technologie de Belfort-Montbéliard,Sevenans,France,University of Technology of Belfort-Montbéliard {https://ror.org/05bn3m307}
Université de Tours,Tours,France,Université de Tours {https://ror.org/02wwzvj46}
Université de Versailles Saint-Quentin-en-Yvelines,Versailles,France,Université de Versailles Saint-Quentin-en-Yvelines {https://ror.org/03mkjjy25}
Université du Havre,Le Havre,France,University of Le Havre {https://ror.org/05v509s40}
Université du Maine,Le Mans,France,Le Mans Université {https://ror.org/01mtcc283}
Université Montpellier 1,Montpellier,France,University of Montpellier 1 {https://ror.org/0227fbx80}
Université Montpellier 2 - Sciences et Techniques,Montpellier,France,University of Montpellier 2 {https://ror.org/00wh4bp03}
Université Montpellier 3 - Paul-Valéry,Montpellier,France,Université Paul-Valéry Montpellier {https://ror.org/00qhdy563}
Université Nice - Sophia-Antipolis,Nice,France,Nice Sophia Antipolis University {https://ror.org/02k9vew78}
Université Paris 13 - Paris Nord,Villetaneuse,France,Université Sorbonne Paris Nord {https://ror.org/0199hds37}
Université Paris 8 - Vincennes - Saint-Denis,Saint-Denis,France,Paris 8 University {https://ror.org/04wez5e68}
Université Paris Cité,Paris,France,Université Paris Cité {https://ror.org/05f82e368}
Université Paris Descartes,Paris,France,Paris Descartes University {https://ror.org/0220k9r37}
Université Paris Diderot,Paris,France,Paris Diderot University {https://ror.org/02n7qrg46}
Université Paris Nanterre,Nanterre,France,Université Paris Nanterre {https://ror.org/013bkhk48}
Université Paris Ouest Nanterre La Défense,Nanterre,France,Université Paris Nanterre {https://ror.org/013bkhk48}
Université Paris sciences et lettres,Paris,France,Université Paris Sciences et Lettres {https://ror.org/013cjyk83}
Université Paris-Dauphine,Paris,France,Université Paris Dauphine-PSL {https://ror.org/052bz7812}
Université Paris-Est,Champs-sur-Marne,France,University of Paris-Est {https://ror.org/0268ecp52}
Université Paris-Est Créteil Val-de-Marne,Créteil,France,Université Paris-Est Créteil {https://ror.org/05ggc9x40}
Université Paris-Est Marne-la-Vallée,Champs-sur-Marne,France,University of Marne la Vallée {https://ror.org/02aqt9c37}
Université Paris-saclay,Gif-sur-Yvette,France,University of Paris-Saclay {https://ror.org/03xjwb503}
Université Paris-Sorbonne,Paris,France,Sorbonne Université {https://ror.org/02en5vm52}
Université Paris-Sud,Orsay,France,University of Paris-Sud {https://ror.org/028rypz17}
Université Pierre et Marie Curie,Paris,France,Sorbonne Université {https://ror.org/02en5vm52}
Université Pierre Mendès France,Grenoble,France,Pierre Mendès-France University {https://ror.org/02f7wz369}
Université Polytechnique Hauts-de-France,Aulnoy-lez-Valenciennes,France,Polytechnic University of Hauts-de-France {https://ror.org/02ezch769}
Université Rennes 2,Rennes,France,University of Rennes 2 {https://ror.org/01m84wm78}
Université Stendhal,Saint-Martin-d'Hères,France,Stendhal University {https://ror.org/03yppfm65}
Université Toulouse - Jean Jaurès,Toulouse,France,Université Toulouse - Jean Jaurès {https://ror.org/04ezk3x31}
Université Toulouse 1 - Capitole,Toulouse,France,Toulouse 1 Capitole University {https://ror.org/0443n9e75}
accadis Hochschule Bad Homburg (Priv. FH),Bad Homburg,Germany,Accadis Hochschule Bad Homburg {https://ror.org/015a98c38}
Akademie der Polizei Hamburg,Hamburg,Germany,Akademie der Polizei Hamburg {https://ror.org/05tn39y33}
Albert-Ludwigs-Universität Freiburg,Freiburg im Breisgau,Germany,University of Freiburg {https://ror.org/0245cg223}
Allensbach Hochschule,Konstanz,Germany,Allensbach University {https://ror.org/00x67g916}
Bergische Universität Wuppertal,Wuppertal,Germany,University of Wuppertal {https://ror.org/00613ak93}
Beuth Hochschule für Technik Berlin,Berlin,Germany,Berliner Hochschule für Technik {https://ror.org/00w7whj55}
Deutsche Sporthochschule Köln,Cologne,Germany,German Sport University Cologne {https://ror.org/0189raq88}
Deutsche Universität für Verwaltungswissenschaften Speyer,Speyer,Germany,German University of Administrative Sciences {https://ror.org/01d30w739}
DIPLOMA Hochschule,Bückeburg,Germany,Diploma Hochschule {https://ror.org/051rc7j94}
DIU-Dresden Intern. University GmbH Dresden (Priv. H),Dresden,Germany,Dresden International University {https://ror.org/01t4pxy10}
"Duale Hochschule Baden Württemberg, Stuttgart (FH)",Stuttgart,Germany,Baden-Wuerttemberg Cooperative State University {https://ror.org/02xdzy536}
Duale Hochschule Gera-Eisenach (FH),Gera,Germany,Duale Hochschule Gera-Eisenach {https://ror.org/03t7jd518}
Fachhochschule der Diakonie Bielefeld-Bethel,Bielefeld,Germany,Fachhochschule der Diakonie {https://ror.org/00yvfbm89}
Fachhochschule Stralsund,Stralsund,Germany,University of Applied Sciences Stralsund {https://ror.org/04g99jx54}
Georg-August-Universität Göttingen,Göttingen,Germany,University of Göttingen {https://ror.org/01y9bpm73}
Handelshochschule Leipzig (Priv. H),Leipzig,Germany,HHL Leipzig Graduate School of Management {https://ror.org/00vjd4k74}
Hochschule für Angewandte Wissenschaften Hamburg,Hamburg,Germany,HAW Hamburg {https://ror.org/00fkqwx76}
Hochschule für Angewandte Wissenschaften Hof,Hof,Germany,Hof University of Applied Sciences {https://ror.org/04q5vv384}
Hochschule für Musik Würzburg,Würzburg,Germany,University of Music Würzburg {https://ror.org/05m1pqv80}
Hochschule Mittweida (University of Applied Sciences),Mittweida,Germany,Hochschule Mittweida {https://ror.org/024ga3r86}
Hochschule Niederrhein,Mönchengladbach,Germany,Hochschule Niederrhein {https://ror.org/027b9qx26}
Hochschule Nordhausen,Nordhausen,Germany,Nordhausen University of Applied Sciences {https://ror.org/04nbz6d36}
Hochschule Osnabrück (FH),Osnabrück,Germany,Hochschule Osnabrück {https://ror.org/059vymd37}
"Hochschule Pforzheim - Gestaltung, Technik, Wirtschaft und Recht",Pforzheim,Germany,Pforzheim University of Applied Sciences {https://ror.org/00qakfc35}
Hochschule Reutlingen,Reutlingen,Germany,Reutlingen University {https://ror.org/00q644y50}
Hochschule RheinMain,Wiesbaden,Germany,RheinMain University of Applied Sciences {https://ror.org/0378gm372}
Hochschule Ruhr West (HRW),Mülheim an der Ruhr,Germany,Ruhr West University of Applied Sciences {https://ror.org/02nkxrq89}
Hochschule Schmmalkalden,Schmalkalden,Germany,Schmalkalden University of Applied Sciences {https://ror.org/02nq4wt82}
Hochschule Wismar,Wismar,Germany,University of Wismar {https://ror.org/00s1ckt27}
Hochschule Worms,Worms,Germany,University of Applied Sciences Worms {https://ror.org/031ph8d53}
praxisHochschule Köln (Priv. FH),Cologne,Germany,
Technische Universität Bergakademie Freiberg,Freiberg,Germany,TU Bergakademie Freiberg {https://ror.org/031vc2293}
Technische Universität Berlin,Berlin,Germany,Technische Universität Berlin {https://ror.org/03v4gjf40}
Universität Augsburg,Augsburg,Germany,University of Augsburg {https://ror.org/03p14d497}
Universität Bielefeld,Bielefeld,Germany,Bielefeld University {https://ror.org/02hpadn98}
Universität Bremen,Bremen,Germany,University of Bremen {https://ror.org/04ers2y35}
Ανωτατη Εκκλησιαστικη Ακαδημια Θεσσαλονικης,Thessaloniki,Greece,
Ανωτάτη Σχολή Καλών Τεχνών,Athens,Greece,Athens School of Fine Arts {https://ror.org/01rk3xf02}
Ανώτατη Σχολή Παιδαγωγικής και Τεχνολογικής Εκπαίδευσης,Athens,Greece,School of Pedagogical and Technological Education {https://ror.org/04v3r9z94}
Ανώτατο Εκπαιδευτικό Ίδρυμα Πειραιά Τεχνολογικού Τομέα,Aigaleo,Greece,Technological Educational Institute of Piraeus {https://ror.org/00ks0ea23}
Ανώτατο Τεχνολογικό Εκπαιδευτικό Ίδρυμα Ανατολικής Μακεδονίας και Θράκης,Kavala,Greece,Technological Educational Institute of Eastern Macedonia and Thrace {https://ror.org/0009xxz90}
Γεωπονικό Πανεπιστήμιο Αθηνών,Athens,Greece,Agricultural University of Athens {https://ror.org/03xawq568}
A Tan Kapuja Buddhista Főiskola (TKBF),Budapest,Hungary,Dharma Gate Buddhist College {https://ror.org/0111cdx62}
Neumann János Egyetem (NJE),Kecskemét,Hungary,John von Neumann University {https://ror.org/03n9qzd79}
Pécsi Tudományegyetem (PTE),Pécs,Hungary,University of Pecs {https://ror.org/037b5pv06}
"Dún Laoghaire Institute of Art, Design and Technology",Dún Laoghaire,Ireland,"Dún Laoghaire Institute of Art, Design and Technology {https://ror.org/02dk7c653}"
"Institute of Technology, Carlow",Carlow,Ireland,Institute of Technology Carlow {https://ror.org/02frwys47}
"National University of Ireland, Maynooth",Maynooth,Ireland,"National University of Ireland, Maynooth {https://ror.org/048nfjm95}"
"Accademia delle Belle Arti ""Mario Sironi"" - Sassari",Sassari,Italy,Accademia di Belle Arti di Sassari {https://ror.org/029q6vx61}
Accademia delle Belle Arti di Bari,Bari,Italy,Academy of Fine Arts of Bari {https://ror.org/04vh8f825}
Accademia delle Belle Arti di Bologna,Bologna,Italy,Accademia di Belle Arti di Bologna {https://ror.org/04rqr4m92}
Accademia delle Belle Arti di Catanzaro,Catanzaro,Italy,Accademia di Belle Arti di Catanzaro {https://ror.org/0459rb715}
Accademia delle Belle Arti di Firenze,Firenze,Italy,Accademia di Belle Arti di Firenze {https://ror.org/01ym43775}
Accademia delle Belle Arti di Frosinone,Frosinone,Italy,Accademia di Belle Arti di Frosinone {https://ror.org/03ekjqb98}
"Accademia delle Belle Arti di Milano ""Brera""",Milano,Italy,Brera Academy {https://ror.org/00rfy7667}
Accademia delle Belle Arti di Napoli,Naples,Italy,Accademia di Belle Arti di Napoli {https://ror.org/01xk4y863}
Accademia delle Belle Arti di Palermo,Palermo,Italy,Accademia di Belle Arti di Palermo {https://ror.org/03en4zh39}
"Accademia delle Belle Arti di Torino ""Albertina""",Torino,Italy,Accademia Albertina delle Belle Arti {https://ror.org/00se00q44}
"Accademia delle Belle Arti legalmente riconosciuta di VITERBO ""Lorenzo da Viterbo""",Viterbo,Italy,
"Accademia Nazionale di Arte Drammatica di ROMA ""Silvio d'Amico""",Rome,Italy,Silvio d'Amico National Academy of Dramatic Arts {https://ror.org/03q8zdw85}
Accademia nazionale di danza di ROMA,Rome,Italy,National Academy of Dance {https://ror.org/018g0vw88}
"Conservatorio di L'AQUILA ""Alfredo Casella""",L'Aquila,Italy,Conservatorio statale di Musica Alfredo Casella {https://ror.org/04p175r34}
"Conservatorio di POTENZA ""Gesualdo da Venosa""",Potenza,Italy,Conservatorio di Musica Carlo Gesualdo da Venosa Potenza {https://ror.org/00r8emz85}
Università degli Studi della Campania Luigi Vanvitelli,Caserta,Italy,"University of Campania ""Luigi Vanvitelli"" {https://ror.org/02kqnpp86}"
Università degli Studi di BARI ALDO MORO,Bari,Italy,University of Bari Aldo Moro {https://ror.org/027ynra39}
Università degli Studi di BERGAMO,Bergamo,Italy,University of Bergamo {https://ror.org/02mbd5571}
Università degli Studi di BOLOGNA,Bologna,Italy,University of Bologna {https://ror.org/01111rn36}
Università degli Studi di BRESCIA,Brescia,Italy,University of Brescia {https://ror.org/02q2d2610}
Università degli Studi di MACERATA,Macerata,Italy,University of Macerata {https://ror.org/0001fmy77}
Università degli Studi di MESSINA,Messina,Italy,University of Messina {https://ror.org/05ctdxz19}
Università degli Studi di MILANO,Milano,Italy,University of Milan {https://ror.org/00wjc7c48}
Università degli Studi di MODENA e REGGIO EMILIA,Modena,Italy,University of Modena and Reggio Emilia {https://ror.org/02d4c4y02}
"Università degli Studi di NAPOLI ""Federico II""",Naples,Italy,University of Naples Federico II {https://ror.org/05290cv24}
"Università degli Studi di NAPOLI ""L'Orientale""",Naples,Italy,University of Naples - L'Orientale {https://ror.org/01q9h8k89}
"Università degli Studi di NAPOLI ""Parthenope""",Naples,Italy,Parthenope University of Naples {https://ror.org/05pcv4v03}
Università degli Studi di TERAMO,Teramo,Italy,University of Teramo {https://ror.org/01yetye73}
Università degli Studi di TORINO,Torino,Italy,University of Turin {https://ror.org/048tbm396}
Università degli Studi di TRENTO,Trento,Italy,University of Trento {https://ror.org/05trd4x28}
Università degli Studi di UDINE,Udine,Italy,University of Udine {https://ror.org/05ht0mh31}
"Università degli Studi di URBINO ""Carlo BO""",Urbino,Italy,University of Urbino {https://ror.org/04q4kt073}
Università degli Studi di VERONA,Verona,Italy,University of Verona {https://ror.org/039bp8j42}
Ventspils augstskola,Ventspils,Latvia,Ventspils University of Applied Sciences {https://ror.org/03sc6wx59}
Hanzehogeschool Groningen,Groningen,Netherlands,Hanze University of Applied Sciences {https://ror.org/00xqtxw43}
HAS Hogeschool,’s-Hertogenbosch,Netherlands,HAS University of Applied Sciences {https://ror.org/05p706d77}
NHL Hogeschool,Leeuwarden,Netherlands,NHL University of Applied Sciences {https://ror.org/05m4jv490}
NHL Stenden Hogeschool,Leeuwarden,Netherlands,NHL Stenden University of Applied Sciences {https://ror.org/02xgxme97}
Handelshøyskolen BI,Oslo,Norway,BI Norwegian Business School {https://ror.org/03ez40v33}
Universitetet i Agder,Kristiansand,Norway,University of Agder {https://ror.org/03x297z98}
Akademia Finansów i Biznesu Vistula,Warszawa,Poland,Vistula University {https://ror.org/044sqta95}
Akademia Ignatianum w Krakowie,Kraków,Poland,Jesuit University Ignatianum {https://ror.org/009j14p05}
Akademia im. Jana Długosza w Częstochowie,Częstochowa,Poland,Jan Długosz University {https://ror.org/0566yhn94}
Uniwersytet Humanistyczno-Przyrodniczy im. Jana Długosza w Częstochowie,Częstochowa,Poland,Jan Długosz University {https://ror.org/0566yhn94}
Uniwersytet im. Adama Mickiewicza w Poznaniu,Poznań,Poland,Adam Mickiewicz University in Poznań {https://ror.org/04g6bbq64}
Academia da Força Aérea,Sintra,Portugal,Portuguese Air Force Academy {https://ror.org/045hg4108}
Academia Militar,Lisboa,Portugal,Portuguese Military Academy {https://ror.org/0245c5212}
Instituto de Estudos Superiores Financeiros e Fiscais (Porto),Vila Nova de Gaia,Portugal,Instituto de Estudos Superiores Financeiros e Fiscais {https://ror.org/00h974d79}
Instituto Politécnico da Guarda,Guarda,Portugal,Instituto Politécnico da Guarda {https://ror.org/02463v873}
Instituto Politécnico de Setúbal,Setúbal,Portugal,Instituto Politecnico de Setubal {https://ror.org/01bvjz807}
Academia de Muzică „Gheorghe Dima” din Cluj-Napoca,Cluj-Napoca,Romania,Gheorghe Dima Music Academy {https://ror.org/01jm65960}
Academia de Studii Economice din București,Bucharest,Romania,Bucharest University of Economic Studies {https://ror.org/04yvncj21}
Academia Forțelor Aeriene Henri Coandă Brașov,Brașov,Romania,Henri Coanda Air Force Academy {https://ror.org/0425rjj21}
"Academia Forțelor Terestre ""Nicolae Bălcescu” din Sibiu",Sibiu,Romania,Nicolae Bălcescu Land Forces Academy {https://ror.org/03kyen796}
"Academia Naţională de Informaţii ""Mihai Viteazul"" din București",Bucharest,Romania,National Intelligence Academy {https://ror.org/03y3an855}
"Academia Navală ""Mircea cel Bătrân"" Constanța",Constanța,Romania,Mircea cel Batran Naval Academy {https://ror.org/00pzf4g66}
Handelshögskolan i Stockholm,Stockholm,Sweden,Stockholm School of Economics {https://ror.org/01s5jzh92}
Abant İzzet Baysal Üniversitesi,Bolu,Turkey,Bolu Abant İzzet Baysal University {https://ror.org/01x1kqx83}
Abdullah Gül Üniversitesi,Kayseri,Turkey,Abdullah Gül University {https://ror.org/00zdyy359}
Adana Alparslan Türkeş Bilim ve Teknoloji Üniversitesi,Adana,Turkey,Adana Science and Technology University {https://ror.org/013z3yn41}
Adana Bilim ve Teknoloji Üniversitesi,Adana,Turkey,Adana Science and Technology University {https://ror.org/013z3yn41}
Adıyaman Üniversitesi,Adıyaman,Turkey,Adıyaman University {https://ror.org/02s4gkg68}
Afyon Kocatepe Üniversitesi,Afyonkarahisar,Turkey,Afyon Kocatepe University {https://ror.org/03a1crh56}
Harran Üniversitesi,Şanlıurfa,Turkey,Harran University {https://ror.org/057qfs197}
Hasan Kalyoncu Üniversitesi,Gaziantep,Turkey,Hasan Kalyoncu University {https://ror.org/054g2pw49}
Nevşehir Hacı Bektaş Veli Üniversitesi,Nevşehir,Turkey,Nevşehir Hacı Bektaş Veli University {https://ror.org/019jds967}
Nevşehir Üniversitesi,Nevşehir,Turkey,Nevşehir Hacı Bektaş Veli University {https://ror.org/019jds967}
AA School of Architecture,London,United Kingdom,Architectural Association School of Architecture {https://ror.org/03b8f3736}
Aberystwyth University,Aberystwyth,United Kingdom,Aberystwyth University {https://ror.org/015m2p889}
ABI College Limited,London,United Kingdom,
Academy of Live and Recorded Arts,London,United Kingdom,
Access Creative College,Manchester,United Kingdom,
Access to Music Limited,Manchester,United Kingdom,
Harper Adams University,Newport,United Kingdom,Harper Adams University {https://ror.org/00z20c921}
Harper Adams University College,Newport,United Kingdom,Harper Adams University {https://ror.org/00z20c921}
Newcastle University,Newcastle upon Tyne,United Kingdom,Newcastle University {https://ror.org/01kj2bm70}
Newman University,Birmingham,United Kingdom,Newman University {https://ror.org/009tnsj43}
Universidad Antonio de Nebrija,Madrid,Spain,Universidad Nebrija {https://ror.org/03tzyrt94}
Universidad Camilo José Cela,Villanueva de la Cañada,Spain,Camilo José Cela University {https://ror.org/03f6h9044}
Universidad Católica San Antonio de Murcia,Guadalupe,Spain,Universidad Católica San Antonio de Murcia {https://ror.org/05b1rsv17}
Universidad Católica Santa Teresa de Jesús de Ávila,Ávila,Spain,Catholic University of Ávila {https://ror.org/05wa62164}
Universidad Complutense de Madrid,Madrid,Spain,Universidad Complutense de Madrid {https://ror.org/02p0gd045}
Universidad de A Coruña,A Coruña,Spain,Universidade da Coruña {https://ror.org/01qckj285}
Universidad de Alcalá,Alcalá de Henares,Spain,Universidad de Alcalá {https://ror.org/04pmn0e78}
Universidad de Alicante,Alicante,Spain,University of Alicante {https://ror.org/05t8bcz72}
Universidad de Almería,Almería,Spain,University of Almería {https://ror.org/003d3xx08}
Universidad de Burgos,Burgos,Spain,Universidad de Burgos {https://ror.org/049da5t36}
Universidad de Cádiz,Cádiz,Spain,Universidad de Cádiz {https://ror.org/04mxxkb11}
Universidad de Cantabria,Santander,Spain,Universidad de Cantabria {https://ror.org/046ffzj20}
Universidad de Castilla-La Mancha,Ciudad Real,Spain,University of Castilla-La Mancha {https://ror.org/05r78ng12}
Universidad de Córdoba,Córdoba,Spain,University of Córdoba {https://ror.org/05yc77b46}
Universidad de Deusto,Bilbao,Spain,Universidad de Deusto {https://ror.org/00ne6sr39}
Universidad de Extremadura,Badajoz,Spain,Universidad de Extremadura {https://ror.org/0174shg90}
Universidad de Granada,Granada,Spain,Universidad de Granada {https://ror.org/04njjy449}
Universidad de Huelva,Huelva,Spain,Universidad de Huelva {https://ror.org/03a1kt624}
Universidad de La Laguna,San Cristóbal de La Laguna,Spain,Universidad de La Laguna {https://ror.org/01r9z8p25}
Universidad de Las Palmas de Gran Canaria,Las Palmas de Gran Canaria,Spain,Universidad de Las Palmas de Gran Canaria {https://ror.org/01teme464}
Universidad Europea Miguel de Cervantes,Valladolid,Spain,Universidad Europea Miguel de Cervantes {https://ror.org/02p350r61}
Universidad Fernando Pessoa-Canarias,Santa María de Guía de Gran Canaria,Spain,Universidad Fernando Pessoa Canarias {https://ror.org/00bqe3914}
Universidad Loyola Andalucia,Seville,Spain,Universidad Loyola Andalucía {https://ror.org/0075gfd51}
Universitat Internacional de Catalunya,Barcelona,Spain,Universitat Internacional de Catalunya {https://ror.org/00tse2b39}
Universitat Oberta de Catalunya,Barcelona,Spain,Universitat Oberta de Catalunya {https://ror.org/01f5wp925}
Universitat Pompeu Fabra,Barcelona,Spain,Pompeu Fabra University {https://ror.org/04n0g0b29}
Universitat Ramón Llull,Barcelona,Spain,Universitat Ramon Llull {https://ror.org/04p9k2z50}