raw_affiliation_string,label
"CAS Key Laboratory of Tropical Forest Ecology, Xishuangbanna , Tropical Botanical Garden, Chinese Academy of Sciences, Mengla, China",Chinese Academy of Sciences {https://ror.org/034t30j35}|Xishuangbanna Tropical Botanical Garden {https://ror.org/02rz58g17}
"Cardioangiologisches Centrum Bethanien (CCB), Medizinische Klinik III, Kardiologie, Agaplesion Markuskrankenhaus, Frankfurt am Main, Germany (J.K.R.C., S.B., J.L., L.M., S.T., S.Z., L.B., F.B., T.N., L.U., S.C., B.S.).",Agaplesion Markus Hospital {https://ror.org/04hd04g86}|Cardiovascular Center Bethanien {https://ror.org/00bypm595}
Department of DermatologyCatholic University of Daegu School of Medicine Daegu Korea,Catholic University of Daegu {https://ror.org/04fxknd68}
"Department of Physics & Astronomy, State University of New York, Stony Brook, New York",Stony Brook University {https://ror.org/05qghxh33}
"Department of Public Health, Maragheh University of Medical Sciences, Maragheh, Iran;",
"Department of Rheumatology and Immunology, Nanchong Central Hospital, The Second Clinical Medical College, North Sichuan Medical College, Nanchong, China.",North Sichuan Medical University {https://ror.org/05k3sdc46}|Nanchong Central Hospital {https://ror.org/05n50qc07}
"Dept. of Civil Eng., PSG Coll. of Technol., Coimbatore, India",
Ernst And Young,Ernst & Young (United Kingdom) {https://ror.org/020kg3x12}
"IASF-CNR, via Bassini 15, I-20133 Milan, Italy",Istituto di Astrofisica Spaziale e Fisica Cosmica di Milano {https://ror.org/01jgp6d54}|National Research Council {https://ror.org/04zaypm56}
IEEE,Institute of Electrical and Electronics Engineers {https://ror.org/01n002310}
"Inst. of Problems of Inf. Transmission, Acad. of Sci., Moscow, Russia",Institute for Information Transmission Problems {https://ror.org/013w2d378}|Russian Academy of Sciences {https://ror.org/05qrfxd25}
"Institute of Clinical Psychology, University of Management and Technology Lahore, Pakistan",University of Management and Technology {https://ror.org/0095xcq10}
"Jiaotong University of Shanghai Department of Urology, Sixth People's Hospital Shanghai China",Shanghai Jiao Tong University {https://ror.org/0220qvk04}|Shanghai Sixth People's Hospital {https://ror.org/049zrh188}
"Mathematical Institute, Oxford OX1 3LB, United Kingdom",
"NICTA, Univ. of New South Wales, NSW",Data61 {https://ror.org/03q397159}|UNSW Sydney {https://ror.org/03r8z3t63}
"National Laboratory of Pattern Recognition, Institute of Automation, CAS, Beijing, China",Chinese Academy of Sciences {https://ror.org/034t30j35}|Institute of Automation {https://ror.org/022c3hy66}|State Key Laboratory of Pattern Recognition {https://ror.org/02aztsv52}
"Neurological and Mental Health Division, The George Institute for Global Health, University of Sydney and Royal Prince Alfred Hospital, Sydney, Australia",The George Institute for Global Health {https://ror.org/023331s46}|Royal Prince Alfred Hospital {https://ror.org/05gpvde20}|University of Sydney {https://ror.org/0384j8v12}
"Observatoire de Paris DAEC, and UMR 8631, associé au CNRS et à l'Université Paris 7, 92195 Meudon Cedex, France",Paris Observatory {https://ror.org/029nkcm90}|Paris Diderot University {https://ror.org/02n7qrg46}|French National Centre for Scientific Research {https://ror.org/02feahw73}
"Orange Labs, Lannion, France",Orange (France) {https://ror.org/035j0tq82}
"SUBATECH, UMR 6457, Université de Nantes, Ecole des Mines de Nantes, IN2P3/CNRS, 4 rue Alfred Kastler, 44307 Nantes cedex 3, France",Nantes Université {https://ror.org/03gnr7b55}|Laboratoire de Physique Subatomique et des Technologies Associées {https://ror.org/01kxesq83}|Institut National de Physique Nucléaire et de Physique des Particules {https://ror.org/03fd77x13}
"The George Institute for Global Health, Royal Prince Alfred Hospital and the University of Sydney, PO Box M201, Missenden Road, NSW 2050 Australia",The George Institute for Global Health {https://ror.org/023331s46}|Royal Prince Alfred Hospital {https://ror.org/05gpvde20}|University of Sydney {https://ror.org/0384j8v12}
"The George Institute for Global Health, University of Sydney and Royal Prince Alfred Hospital, Sydney, NSW, Australia.",The George Institute for Global Health {https://ror.org/023331s46}|Royal Prince Alfred Hospital {https://ror.org/05gpvde20}|University of Sydney {https://ror.org/0384j8v12}
"The University of New South Wales and NICTA, Sydney, Australia",Data61 {https://ror.org/03q397159}|UNSW Sydney {https://ror.org/03r8z3t63}
UNS,
"University Institute of Engineering & Technology, Kurukshetra University, Kurukshetra, India",Kurukshetra University {https://ror.org/019bzvf55}
"[Tyndall Nat. Inst., Ireland]",Tyndall National Institute {https://ror.org/007ecwd34}
 Macquarie University,Macquarie University {https://ror.org/01sf06y89}
"#N##TAB##TAB##TAB##TAB# University of North Carolina at Chapel Hill, Chapel Hill, NC#N##TAB##TAB##TAB#",University of North Carolina at Chapel Hill {https://ror.org/0130frc33}
#N#Kansas State University#N#,Kansas State University {https://ror.org/05p1j8758}
#N#The Chinese University of Hong Kong#N#,Chinese University of Hong Kong {https://ror.org/00t33hh48}
"(Correspd. Tel.: +61 2 98509539; Fax: +61 2 98509551; E-mail: yanwang@ics.mq.edu.au) Department of Computing, Macquarie University, Sydney, Australia#TAB#",Macquarie University {https://ror.org/01sf06y89}
"(Indian Institute of Management, Raipur, India)",Indian Institute of Management Raipur {https://ror.org/05vqbh574}
(Universiteit van Pretoria),University of Pretoria {https://ror.org/00g0p6g84}
"(University of Agriculture, Abeokuta, Nigeria)",Federal University of Agriculture {https://ror.org/050s1zm26}
"), Northwestern Polytechnical University",Northwestern Polytechnical University {https://ror.org/01y0j0j86}
*Birmingham Law School.,
"3rd Department of Medicine, Technical University of Munich, Munich, Germany",Technical University of Munich {https://ror.org/02kkvpp62}
"<org_name>University of California, Los Angeles, Los Angeles, CA</org_name>","University of California, Los Angeles {https://ror.org/046rm7j60}"
"AMSS, Beijing, China",Academy of Mathematics and Systems Science {https://ror.org/02jkmyk67}
"AT&T Bell Laboratories - Murray Hill, NJ, USA",AT&T (United States) {https://ror.org/02bbd5539}
"AT&T Laboratories, Red Bank, NJ, USA",AT&T (United States) {https://ror.org/02bbd5539}
"AT&T Labs - Research, ",AT&T (United States) {https://ror.org/02bbd5539}
"Aalborg University, Copenhagen#TAB#",Aalborg University {https://ror.org/04m5j1k67}
"Abt. Funktionalanalysis und Numerische Mathematik, Institut für angewandte Mathematik und Informatik der Universität Bonn, Bonn, Germany",University of Bonn {https://ror.org/041nas322}
"Adaptive Information Cluster, UCD School of Computer Science and Informatics, University College Dublin, Belfield, Dublin 4, Ireland#TAB#",University College Dublin {https://ror.org/05m7pjf47}
"Adaptive Information Cluster, University College Dublin",University College Dublin {https://ror.org/05m7pjf47}
Air Force Research Labs. (United States),United States Air Force Research Laboratory {https://ror.org/02e2egq70}
Ajou University School of Medicine,Ajou University {https://ror.org/03tzb2h73}
"American International University-Bangladesh (AIUB),Department of Electrical and Electronic Engineering,Dhaka,Bangladesh",American International University-Bangladesh {https://ror.org/02j8ga255}
"Andrews Univ, Berrien Springs, MI;",Andrews University {https://ror.org/04aaa2n62}
"Arctic & Antarctic Res. Inst., St. Petersburg, Russia",Arctic and Antarctic Research Institute {https://ror.org/051w7zc95}
"Associate Professor, College of Urban and Environment Sciences, Laboratory for Earth Surface Processes, Ministry of Education, Peking Univ., Beijing 100871, China.",Peking University {https://ror.org/02v51f717}|Ministry of Education of the People's Republic of China {https://ror.org/01mv9t934}
"Attorney-at-Law, Knowledge Management Lawyer, Freshfields Bruckhaus Deringer, Frankfurt/M., Germany#TAB#",Freshfields Bruckhaus Deringer {https://ror.org/05e9zkt34}
"B.S. Abdur Rahman Crescent Institute of Science and Technology, Chennai, India",B.S. Abdur Rahman Crescent Institute of Science & Technology {https://ror.org/01fqhas03}
"Basic Sciences Division, Fred Hutchinson Cancer Research Center, Seattle, WA 98109, USA.",Fred Hutch Cancer Center {https://ror.org/007ps6h72}
"Beijing National Laboratory for Molecular Science (BNLMS), Department of Applied Chemistry, College of Chemistry and Molecular Engineering, Peking University, Beijing 100871, China",Peking University {https://ror.org/02v51f717}|Beijing National Laboratory for Molecular Sciences {https://ror.org/02601yx74}
"Beijing National Laboratory for Molecular Sciences (BNLMS), Department of Applied Chemistry, College of Chemistry and Molecular Engineering, Peking University, 100871 Beijing, PR China",Peking University {https://ror.org/02v51f717}|Beijing National Laboratory for Molecular Sciences {https://ror.org/02601yx74}
Bennett Univ. (India),Bennett University {https://ror.org/00an5hx75}
"Blueprint Medicines Corporation, Cambridge, MA;",Blueprint Medicines (United States) {https://ror.org/0142eak56}
"Bogomolets National Medical University , Kyiv , Ukraine",Bogomolets National Medical University {https://ror.org/03edafd86}
Bonn University ,University of Bonn {https://ror.org/041nas322}
"Broadband Wireless Commun. Lab.& State Key Lab. (ISN), Xidian Univ., Xi'an, China",Xidian University {https://ror.org/05s92vm98}
"Broadband Wireless Commun. Lab., Xidian Univ., Xi'an, , China",Xidian University {https://ror.org/05s92vm98}
"Broadband Wireless Commun. Lab., Xidian Univ., Xian",Xidian University {https://ror.org/05s92vm98}
"CERN, Geneva, Switzerland†",European Organization for Nuclear Research {https://ror.org/01ggx4157}
"Cardinal Hill Rehabilitation Hospital, Lexington, KY, USA",Cardinal Hill Rehabilitation Hospital {https://ror.org/0310r6290}
"Case J. URA 225, Université de Provence, Marseille, France",Aix-Marseille University {https://ror.org/035xkbk20}
Center for Genetic Engineering and Biotechnology (CIGB),Centro de Ingeniería Genética y Biotecnología {https://ror.org/03qxwgf98}
"Centre for Addiction and Mental Health, Toronto, Canada,",Centre for Addiction and Mental Health {https://ror.org/03e71c577}
"Centre for Interdisciplinary Research in Basic Sciences, Jamia Millia Islamia, New Delhi - 110025, India",Jamia Millia Islamia {https://ror.org/00pnhhv55}
Centro Universitário Uninorte (UNINORTE/AC,Centro Universitário do Norte {https://ror.org/018mj2m06}
Centro Universitário de Belo Horizonte -UniBH,Centro Universitário de Belo Horizonte {https://ror.org/04m3xd186}
"Centro de Investigación Biomédica de Canarias (CIBICAN), Departamento de Medicina Interna, Universidad de La Laguna, Spain",Universidad de La Laguna {https://ror.org/01r9z8p25}
"Chengdu Center, China#N#          Geological Survey, Chengdu 610081, China",China Geological Survey {https://ror.org/04wtq2305}
"China Institute of Water Resources and Hydropower Research, Beijing, China",China Institute of Water Resources and Hydropower Research {https://ror.org/00m4czf33}
Chinese University of Hong Kong ,Chinese University of Hong Kong {https://ror.org/00t33hh48}
"Chinese University of Hong Kong, Department of Mathematics, Lady Shaw Building, Room 220, Shatin, Hong Kong",Chinese University of Hong Kong {https://ror.org/00t33hh48}
Clarkson Univ. (USA),Clarkson University {https://ror.org/03rwgpn18}
"Coastal Education and Research Foundation (CERF) Coconut Creek, FL 33073, U.S.A.",Coastal Education and Research Foundation {https://ror.org/025vr9a91}
"College of Animal Science and Technology, Northwest A & F University, Yangling, Shaanxi, China",North West Agriculture and Forestry University {https://ror.org/0051rme32}
"College of Chemistry, Chemical Engineering and Environment, Minnan Normal University, Zhangzhou, 363000, PR China",Zhangzhou Normal University {https://ror.org/02vj1vm13}
College of Food Science and Engineering; Wuhan Polytechnic Univ.; Wuhan 430023 China,Wuhan Polytechnic University {https://ror.org/05w0e5j23}
"College of Food Science, Shenyang Agricultural University, Shenyang 110866, China)",Shenyang Agricultural University {https://ror.org/01n7x9n08}
"College of Food and Bioengineering, Henan University of Science & Technology, Luoyang, China.",Henan University of Science and Technology {https://ror.org/05d80kz58}
"College of Horticulture and Plant Protection, Yangzhou University, Yangzhou 225009, China",Yangzhou University {https://ror.org/03tqb8s11}
"College of Information Sciences and Technology, The Pennsylvania State University, University Park, PA 16802, U.S.A.#TAB#",Pennsylvania State University {https://ror.org/04p491231}
"College of Information Sciences and Technology, The Pennsylvania State University, University Park, PA#TAB#",Pennsylvania State University {https://ror.org/04p491231}
"Comp. & Info. Sci. Dept., Kansas State University, Manhattan, KS#TAB#",Kansas State University {https://ror.org/05p1j8758}
"Comput. Eng. Lab., Tech. Univ. Delft, Delft",Delft University of Technology {https://ror.org/02e2c7k09}
"Computer Science Department University of California Los Angeles, CA#TAB#","University of California, Los Angeles {https://ror.org/046rm7j60}"
"Computer Science Department University of California, Los Angeles, CA, USA","University of California, Los Angeles {https://ror.org/046rm7j60}"
"Computer Science Department, Cornell University, Ithaca, NY 14853, U.S.A. E-mail: halpern@cs.cornell.edu; http://www.cs.cornell.edu/home/halpern#TAB#",Cornell University {https://ror.org/05bnh6r87}
"Computer Science Department, Cornell University, Ithaca, NY 14853, USA",Cornell University {https://ror.org/05bnh6r87}
"Computer Science Department, Cornell University, USA. E-mail:",Cornell University {https://ror.org/05bnh6r87}
"Computer Science Department, UCLA, Los Angeles, CA#TAB#","University of California, Los Angeles {https://ror.org/046rm7j60}"
"Computer Science Department, University of North Carolina at Chapel Hill, Chapel Hill, NC 27599, USA. weiwang@cs.unc.edu#TAB#",University of North Carolina at Chapel Hill {https://ror.org/0130frc33}
"Coordinated Science Laboratory, University of Illinois at Urbana Champaign",University of Illinois Urbana-Champaign {https://ror.org/047426m28}
"Copenhagen University Ørsted Laboratory, Niels Bohr Institute Universitetsparken 5 DK - 2100 Copenhagen Ø Denmark#TAB#",University of Copenhagen {https://ror.org/035b05819}
"Cornell Univ, Ithica, NY",Cornell University {https://ror.org/05bnh6r87}
Cornell Univ. ,Cornell University {https://ror.org/05bnh6r87}
"Cornell University, Department of Computer Science, Ithaca, NY#TAB#",Cornell University {https://ror.org/05bnh6r87}
"Cornell University, Ithaca, NY",Cornell University {https://ror.org/05bnh6r87}
"DAMTP, CMS, University of Cambridge, Wilberforce Road, Cambridge CB3 0WA, UK and Department of Physics, University of Regina, Regina, SK, Canada S4S 0A2#TAB#",University of Cambridge {https://ror.org/013meh722}|University of Regina {https://ror.org/03dzc0485}
"DAMTP, University of Cambridge, Cambridge, U.K.",University of Cambridge {https://ror.org/013meh722}
DeepMind,DeepMind (United Kingdom) {https://ror.org/00971b260}
"Department of Anatomy, Ajou University School of Medicine Suwon, South Korea.",Ajou University {https://ror.org/03tzb2h73}
"Department of Anesthesiology, The Ohio State University, Wexner Medical Center, Columbus, OH",The Ohio State University {https://ror.org/00rs6vg23}|The Ohio State University Wexner Medical Center {https://ror.org/00c01js51}
"Department of Anesthesiology,Peking University Third Hospital,Beijing 100191,China",Peking University Third Hospital {https://ror.org/04wwqze12}
"Department of Applied Computing, University of Dundee, Dundee DD1 4HN, UK#TAB#",University of Dundee {https://ror.org/03h2bxq36}
"Department of Applied Computing, University of Dundee, Dundee, DD1 4HN, Scotland, UK",University of Dundee {https://ror.org/03h2bxq36}
"Department of Applied Computing, University of Dundee, Dundee, DD1 4HN, U.K.#TAB#",University of Dundee {https://ror.org/03h2bxq36}
"Department of Applied Computing, University of Dundee, Dundee, DD1 4HN, UK",University of Dundee {https://ror.org/03h2bxq36}
"Department of Applied Computing, University of Dundee, Dundee, DD1 4HN, United Kingdomf1E-mail: kedwards@computing.dundee.ac.ukf1#TAB#",University of Dundee {https://ror.org/03h2bxq36}
"Department of Applied Mathematics & Physics Kyoto University, Kyoto, Japan",Kyoto University {https://ror.org/02kpeqv85}
"Department of Applied Mathematics and Physics, Graduate School of Engineering, Kyoto University, Kyoto 606-8501, Japan",Kyoto University {https://ror.org/02kpeqv85}
"Department of Applied Mathematics and Physics, Graduate School of Informatics, Kyoto University, Kyoto 606-8301, Japan",Kyoto University {https://ror.org/02kpeqv85}
"Department of Applied Mathematics and Physics, Graduate School of Informatics, Kyoto University, Kyoto 606-8501, Japan",Kyoto University {https://ror.org/02kpeqv85}
"Department of Applied Mathematics and Physics, Graduate School of Informatics, Kyoto University, Kyoto 606-8501, Japan#TAB#",Kyoto University {https://ror.org/02kpeqv85}
"Department of Applied Mathematics and Physics, Graduate School of Informatics, Kyoto University, Kyoto, Japan 606-8501 E-mail: ibaraki@i.kyoto-u.ac.jp#TAB#",Kyoto University {https://ror.org/02kpeqv85}
"Department of Applied Mathematics and Physics, Kyoto University#TAB#",Kyoto University {https://ror.org/02kpeqv85}
"Department of Applied Mathematics and Physics, Kyoto University, Sakyo, Kyoto, Japan",Kyoto University {https://ror.org/02kpeqv85}
"Department of Applied Mathematics and Theoretical Physics , University of Cambridge ",University of Cambridge {https://ror.org/013meh722}
"Department of Applied Mathematics and Theoretical Physics Silver Street Cambridge University Cambridge, England",University of Cambridge {https://ror.org/013meh722}
"Department of Applied Mathematics and Theoretical Physics University of Cambridge, Cambridge, England",University of Cambridge {https://ror.org/013meh722}
Department of Applied Mathematics and Theoretical Physics and Institute of Astronomy University of Cambridge,University of Cambridge {https://ror.org/013meh722}
"Department of Applied Mathematics and Theoretical Physics, Cambridge University, Wilberforce Road, CB3 0WA Cambridge, UK",University of Cambridge {https://ror.org/013meh722}
"Department of Applied Mathematics and Theoretical Physics, Centre for Mathematical Sciences, Cambridge University, Wilberforce Road, Cambridge CB3 OWA, UK",University of Cambridge {https://ror.org/013meh722}
"Department of Applied Mathematics and Theoretical Physics, University of Cambridge, Wilberforce Road, Cambridge CB3 0WA, UK",University of Cambridge {https://ror.org/013meh722}
"Department of Applied Mathematics and Theoretical Physics, and Institute of Theoretical Astronomy, University of Cambridge,",University of Cambridge {https://ror.org/013meh722}
"Department of Biochemistry and Molecular Biology, National Laboratory of Protein Engineering, College of Life Science, Peking University, Beijing, PR China",Peking University {https://ror.org/02v51f717}
"Department of Bioengineering, Instituto Cubano de Investigaciones de los Derivados de la Caña de Azúcar (ICIDCA), AP 4026, CP 11000, La Habana, Cuba",Instituto Cubano de Investigaciones de los Derivados de la Caña de Azúcar {https://ror.org/0147q3t04}
"Department of Biosciences, Durham University, Durham, DH1 3LE, UK.",Durham University {https://ror.org/01v29qb04}
"Department of Cardiovascular Medicine, Kobe City Medical Center General Hospital, Kobe, Japan.",Kobe City Medical Center General Hospital {https://ror.org/04j4nak57}
"Department of Chemical Engineering, National Institute of Technology, Tiruchirappalli, Tamil Nadu, India",National Institute of Technology Tiruchirappalli {https://ror.org/047x65e68}
"Department of Chemistry, Moscow State University, Moscow, Russia",Lomonosov Moscow State University {https://ror.org/010pmpe69}
"Department of Community MedicineFaculty of Health Sciences, University of Tromsø Tromsø Norway",UiT The Arctic University of Norway {https://ror.org/00wge5k78}
"Department of Computer Science and 2 Department of Biostatistics, University of North Carolina at Chapel Hill",University of North Carolina at Chapel Hill {https://ror.org/0130frc33}
"Department of Computer Science and Institute for Advanced Computer Studies, University of Maryland, College Park, MarylandU.S.A.","University of Maryland, College Park {https://ror.org/047s2c258}"
"Department of Computer Science, Fudan University;",Fudan University {https://ror.org/013q1eq08}
"Department of Computer Science, University of California, Los Angeles, CA;","University of California, Los Angeles {https://ror.org/046rm7j60}"
"Department of Computer Science, University of California, Los Angeles, Ca#TAB#","University of California, Los Angeles {https://ror.org/046rm7j60}"
"Department of Computer Science, University of California, Los Angeles, Los Angeles, CA#TAB#","University of California, Los Angeles {https://ror.org/046rm7j60}"
"Department of Computer Science, University of North Carolina at Chapel Hill, Chapel Hill, U.S.A.#TAB#",University of North Carolina at Chapel Hill {https://ror.org/0130frc33}
"Department of Computer Science, University of North Carolina at Chapel Hill, NC 27599, USA#TAB#",University of North Carolina at Chapel Hill {https://ror.org/0130frc33}
"Department of Computer Science, University of North Carolina, Chapel Hill, weiwang@cs.unc.edu",University of North Carolina at Chapel Hill {https://ror.org/0130frc33}
Department of Computing Macquarie University  Sydney Australia,Macquarie University {https://ror.org/01sf06y89}
"Department of Computing and Information Technology Science, Fudan University, Shanghai, P.R.China",Fudan University {https://ror.org/013q1eq08}
"Department of Computing and Information Technology, FUDAN University, Shanghai, China#TAB#",Fudan University {https://ror.org/013q1eq08}
"Department of Computing and Information Technology, Fudan University, P.O. Box 200433, Shanghai, China#TAB#",Fudan University {https://ror.org/013q1eq08}
"Department of Computing and Information Technology, Fudan University, Shanghai 200433. P.R. China#TAB#",Fudan University {https://ror.org/013q1eq08}
"Department of Computing and Information Technology, University of Fudan, Shanghai 200433, P.R. China#TAB#",Fudan University {https://ror.org/013q1eq08}
"Department of Computing and Information Technology, University of Fudan, Shanghai, China",Fudan University {https://ror.org/013q1eq08}
"Department of Computing, Macquarie University, Sydney, Australia NSW",Macquarie University {https://ror.org/01sf06y89}
"Department of Computing, Macquarie University, Sydney, Australia#TAB#",Macquarie University {https://ror.org/01sf06y89}
"Department of Computing, Macquarie University, Sydney, NSW 2109, Australia",Macquarie University {https://ror.org/01sf06y89}
"Department of Computing, Macquarie University, Sydney, NSW 2109, Australia (Correspd. Tel.: +61 2 98509539; Fax: +61 2 98509551; yanwang@ics.mq.edu.au)#TAB#",Macquarie University {https://ror.org/01sf06y89}
"Department of Computing, Macquarie University, Sydney, NSW 2109, Australia.#TAB#",Macquarie University {https://ror.org/01sf06y89}
"Department of Dermatology, School of Medicine, The Catholic University of Daegu, Daegu, South Korea",Catholic University of Daegu {https://ror.org/04fxknd68}
"Department of Electrical Engineering, North Carolina A&T State University, Greensboro, NC#TAB#",North Carolina Agricultural and Technical State University {https://ror.org/02aze4h65}
"Department of Electronics and Communication Engineering, Syed Ammal Engineering College,Ramanathapuram, Tamilnadu, India",
"Department of Electronics and Telecommunication Engineering, Pravara Rural Engg. College, Loni, India",
"Department of Functional Brain Imaging, National Institutes for Quantum and Radiological Science and Technology",National Institutes for Quantum and Radiological Science and Technology {https://ror.org/020rbyg91}
"Department of General Engineering University of Illinois, Urbana, IL 61801, USA#TAB#",University of Illinois Urbana-Champaign {https://ror.org/047426m28}
"Department of General Engineering, Illinois Genetic Algorithms Laboratory, University of Illinois, Urbana, IL 61801, USA#TAB#",University of Illinois Urbana-Champaign {https://ror.org/047426m28}
"Department of General Engineering, University of Illinois at Urbana-Champaign, 117 Transportation Building, 104 South Mathews, Urbana, IL 61801-2996",University of Illinois Urbana-Champaign {https://ror.org/047426m28}
"Department of Geography, Peking University, Beijing 100871, China",Peking University {https://ror.org/02v51f717}
"Department of Harbor and River Engineering, Taiwan Ocean University, Keelung, Taiwan, ROC",National Taiwan Ocean University {https://ror.org/03bvvnt49}
"Department of Hepatobiliary and Pancreatic Surgery, Tianjin Nankai Hospital, Tianjin, China",Tianjin Nankai Hospital {https://ror.org/00hq79z10}
"Department of Information Engineering, Chongqing Communication Institute, China",
"Department of Integrative Structural, and Computational Biology, The Scripps Research Institute",Scripps Research Institute {https://ror.org/02dxx6824}
"Department of Internal Medicine,Yonsei University College of Medicine, Seoul, Korea",Yonsei University {https://ror.org/01wjejq96}
"Department of Mathematics and Computer Science, University of Dundee, Dundee DD1 4HN, U.K.",University of Dundee {https://ror.org/03h2bxq36}
"Department of Mathematics and Computer Science, University of Dundee, Dundee DD1 4HN, UK",University of Dundee {https://ror.org/03h2bxq36}
"Department of Mathematics and Computer Science, University of Dundee, Dundee DDI 4HN, UK",University of Dundee {https://ror.org/03h2bxq36}
"Department of Mathematics and Statistics University of Calgary Calgary, Alberta T2N 1N4 Canada",University of Calgary {https://ror.org/03yjb2x39}
"Department of Mathematics and Statistics, University of Calgary, Calgary Alberta, Canada;",University of Calgary {https://ror.org/03yjb2x39}
"Department of Mathematics and Statistics, University of Calgary, Calgary, Alberta, Canada, T2N 1N4",University of Calgary {https://ror.org/03yjb2x39}
"Department of Mathematics and Statistics, University of Calgary, Calgary, Alberta, T2N 1N4, Canada ramollin@math.ucalgary.ca",University of Calgary {https://ror.org/03yjb2x39}
"Department of Mathematics of the Science, Tinjin University, Tianjin, China#TAB#",Tianjin University {https://ror.org/012tb2g32}
"Department of Mathematics, Chinese University of Hong Kong, Hong Kong, P.R. China",Chinese University of Hong Kong {https://ror.org/00t33hh48}
"Department of Mathematics, Chinese University of Hong Kong, New Territories, Hong Kong",Chinese University of Hong Kong {https://ror.org/00t33hh48}
"Department of Mathematics, Chinese University of Hong Kong, Shatin, Hong Kong",Chinese University of Hong Kong {https://ror.org/00t33hh48}
"Department of Mathematics, College of Science King Saud University  Riyadh Saudi Arabia",King Saud University {https://ror.org/02f81g417}
"Department of Mathematics, College of Science, King Saud University, Riyadh, 11451, Saudi Arabia",King Saud University {https://ror.org/02f81g417}
"Department of Mathematics, Statistics and Computing Science Dalhousi University, Halifax, Nova Scotia, Canada B3H 3J5#TAB#",Dalhousie University {https://ror.org/01e6qks80}
"Department of Mechanical Engineering , The University of Calgary , Calgary, Canada ",University of Calgary {https://ror.org/03yjb2x39}
"Department of Mechanical Engineering, Universitas Sebelas Maret, Surakarta, 57126, Indonesia",Sebelas Maret University {https://ror.org/021hq5q33}
"Department of Medical Physics, Ipswich Hospital, Ipswich, UK",Ipswich Hospital {https://ror.org/05m3qrs33}
"Department of Neurosurgery, Tohoku University, Graduate School of Medicine, Sendai, Miyagi, Japan.",Tohoku University {https://ror.org/01dq60k83}
Department of Oceanography National Sun Yat‐sen University Kaohsiung Taiwan,National Sun Yat-sen University {https://ror.org/00mjawt10}
"Department of Pharmacology, SRM Medical College Hospital & Research Centre, SRM Institute of Science and Technology, Kattankulathur, Tamil Nadu, India",SRM Institute of Science and Technology {https://ror.org/050113w36}
"Department of Physics and Astronomy, State University of New York at Stony Brook, New York 11794, USA",Stony Brook University {https://ror.org/05qghxh33}
"Department of Physics and Astronomy, State University of New York at Stony Brook, Stony Brook, NY 11794-3800, USA",Stony Brook University {https://ror.org/05qghxh33}
"Department of Physics and Astronomy, State University of New York, Stony Brook, NY 11794, USA",Stony Brook University {https://ror.org/05qghxh33}
"Department of Physics and Astronomy, State University of New York, Stony Brook, NY 11794-3800, USA",Stony Brook University {https://ror.org/05qghxh33}
"Department of Physics and Astronomy, State University of New York, Stony Brook, New York 11794-3800, USA",Stony Brook University {https://ror.org/05qghxh33}
"Department of Physics and Astronomy, University at Stony Brook, Stony Brook NY 11794, USA",Stony Brook University {https://ror.org/05qghxh33}
"Department of Physics, Inje University, Kimhae 621-749, South Korea",Inje University {https://ror.org/04xqwq985}
"Department of Physics, SUNY, Stony Brook, NY 11794, USA",Stony Brook University {https://ror.org/05qghxh33}
"Department of Physics, Stale University of New York, Stony Brook, New York 11794 USA",Stony Brook University {https://ror.org/05qghxh33}
"Department of Physics, State University of New York at Stony Brook, Stony Brook, NY 11794, USA",Stony Brook University {https://ror.org/05qghxh33}
"Department of Physics, State University of New York at Stony Brook, Stony Brook, NY 11794-3800, USA",Stony Brook University {https://ror.org/05qghxh33}
"Department of Physics, State University of New York at Stony Brook, Stony Brook, New York",Stony Brook University {https://ror.org/05qghxh33}
"Department of Physics, State University of New York, Stony Brook, NY 11794, USA",Stony Brook University {https://ror.org/05qghxh33}
"Department of Physics, State University of New York, Stony Brook, New York 11790, USA",Stony Brook University {https://ror.org/05qghxh33}
"Department of Physics, State University of New York, Stony Brook, New York 11794, USA",Stony Brook University {https://ror.org/05qghxh33}
"Department of Physics, The University of Tokyo, Tokyo 113-0033, Japan",The University of Tokyo {https://ror.org/057zh3y96}
"Department of Physics, The University, Newcastle upon Tyne, England",Newcastle University {https://ror.org/01kj2bm70}
"Department of Pulmonary Medicine, C.S.M. Medical University, Lucknow, Uttar Pradesh, India.",King George's Medical University {https://ror.org/00gvw6327}
"Department of Respiratory Medicine, Shizuoka General Hospital, Shizuoka, Japan.",Shizuoka General Hospital {https://ror.org/0457h8c53}
"Department of Surgery Yonsei University College of Medicine Seoul, Korea",Yonsei University {https://ror.org/01wjejq96}
"Department of Urology, PLA General Hospital/Medical school, Beijing, China.",Chinese PLA General Hospital {https://ror.org/04gw3ra78}
"Department of Veterinary Microbiology, Western College of Veterinary Medicine, University of Saskatchewan",University of Saskatchewan {https://ror.org/010x8gc63}
"Departments of University Hospital Maastricht, The Netherlands",Maastricht University Medical Centre {https://ror.org/02d9ce178}
"Dept. d'Inf. et de Recherche Oper., Montreal Univ., Que., Canada",Université de Montréal {https://ror.org/0161xgx34}
"Dept. of Applied Mathematics & Physics, Faculty of Engineering, Kyoto University, Kyoto, JAPAN",Kyoto University {https://ror.org/02kpeqv85}
"Dept. of Biological Engineering, Konkuk Univ., Seoul 05029, Republic of Korea.",Konkuk University {https://ror.org/025h1m602}
"Dept. of Chiropractic, Macquarie Univ., Sydney, Australia",Macquarie University {https://ror.org/01sf06y89}
"Dept. of Comput. & Inf. Sci., Kansas State Univ., Manhattan, KS, USA",Kansas State University {https://ror.org/05p1j8758}
"Dept. of Comput. & Inf. Technol., Fudan Univ., Shanghai",Fudan University {https://ror.org/013q1eq08}
"Dept. of Comput. & Information Technol., Fudan Univ., Shanghai, China",Fudan University {https://ror.org/013q1eq08}
"Dept. of Comput. Sci. & Eng., Nat. Inst. of Technol. Goa, Ponda, India",National Institute of Technology Goa {https://ror.org/01vmfpj79}
"Dept. of Comput. Sci. & Inf. Technol., Fudan Univ., Shanghai",Fudan University {https://ror.org/013q1eq08}
"Dept. of Comput. Sci., Alberta Univ., Edmonton, Alta., Canada",University of Alberta {https://ror.org/0160cpw27}
"Dept. of Comput. Sci., North Carolina Univ., Chapel Hill, NC, USA#TAB#",University of North Carolina at Chapel Hill {https://ror.org/0130frc33}
"Dept. of Comput. Sci., Nottingham Trent Univ., Nottingham, UK",Nottingham Trent University {https://ror.org/04xyxjd90}
"Dept. of Comput. Sci., Univ. Coll. Dublin, Dublin, Ireland",University College Dublin {https://ror.org/05m7pjf47}
"Dept. of Comput. Sci., Univ. of California, Los Angeles, CA, USA","University of California, Los Angeles {https://ror.org/046rm7j60}"
"Dept. of Comput. Sci., Virginia Polytech. Inst. & State Univ., Blacksburg, VA, USA",Virginia Tech {https://ror.org/02smfhw86}
"Dept. of Comput., Baptist Univ., Kowloon, Hong Kong",Hong Kong Baptist University {https://ror.org/0145fw131}
"Dept. of Comput., Macquarie Univ., North Ryde, NSW, Australia",Macquarie University {https://ror.org/01sf06y89}
"Dept. of Comput., Macquarie Univ., Sydney, NSW",Macquarie University {https://ror.org/01sf06y89}
"Dept. of Comput., Macquarie Univ., Sydney, NSW, Australia#TAB#",Macquarie University {https://ror.org/01sf06y89}
"Dept. of Computer Science, Cornell University Ithaca, NY#TAB#",Cornell University {https://ror.org/05bnh6r87}
"Dept. of Computer Science, University of North Carolina at Chapel Hill, NC#TAB#",University of North Carolina at Chapel Hill {https://ror.org/0130frc33}
"Dept. of Computer Science, Upson Hall, Cornell University, Ithaca, NY",Cornell University {https://ror.org/05bnh6r87}
"Dept. of Computing, Macquarie University, Sydney, NSW, Australia",Macquarie University {https://ror.org/01sf06y89}
"Dept. of Electr. & Comput. Eng., Univ. Laval, Laval, QC",Université Laval {https://ror.org/04sjchr03}
"Dept. of Electr. & Comput. Eng., Univ. Laval, Que.",Université Laval {https://ror.org/04sjchr03}
"Dept. of General Engineering, University of Illinois, Urbana-Champaign, IL#TAB#",University of Illinois Urbana-Champaign {https://ror.org/047426m28}
"Division of Applied Computing, University of Dundee, DD1 4HN, Dundee, UK#TAB#",University of Dundee {https://ror.org/03h2bxq36}
"Division of Applied Computing, University of Dundee, Dundee DD1 4HN, UK#TAB#",University of Dundee {https://ror.org/03h2bxq36}
"Division of Applied Computing, University of Dundee, Dundee, DD1 4HN, UK (e-mail: kjedwards@dundee.ac.uk)#TAB#",University of Dundee {https://ror.org/03h2bxq36}
"Division of Endocrinology, Department of Internal Medicine, Kangnam Severance Hospital Severance Institute for Vascular and Metabolic Research, Yonsei University College of Medicine, 146-92, Dogok-Dong, Kangnam-Ku, Seoul 135-720, Republic of Korea.",Yonsei University {https://ror.org/01wjejq96}|Severance Hospital {https://ror.org/044kjp413}
Dokuz Eylül Üniv. (Turkey),Dokuz Eylül University {https://ror.org/00dbd8b73}
"Don Bosco Institute of Technology,Department of Computer Engineering,Mumbai,India",
Don State Technical University,Don State Technical University {https://ror.org/00x5je630}
Dongbei University of Finance & Economics,Dongbei University of Finance and Economics {https://ror.org/05db1pj03}
"Ecole Nationale Supérieure, des Mines de Saint-Etienne",Mines Saint-Étienne {https://ror.org/05a1dws80}
"FE, Universitas Katolik Santo Thomas",Universitas Katolik Santo Thomas {https://ror.org/01bwbjs64}
Faculdade Satc,
"Faculty of Information Technology, University of Jyvaskyla, Jyväskylä, Finland#TAB#",University of Jyväskylä {https://ror.org/05n3dz165}
"Fakultas Ekonomi dan Bisnis,#R##N#Universitas Trisakti",Universitas Trisakti {https://ror.org/019fnr381}
"Fakultät für Mathematik und Informatik, Universität Konstanz, Universitätsstraβe 10, 78434 Konstanz, Germany",University of Konstanz {https://ror.org/0546hnb39}
"Farmasi, Universitas Islam Bandung",Bandung Islamic University {https://ror.org/04tp6pr14}
First Affiliated Hospital of Kunming Medical College Kunming China,First Affiliated Hospital of Kunming Medical University {https://ror.org/02g01ht84}
"Florence Nightingale Hospital, Division of Cardiology, Istanbul, Sisli, Turkey 34381",Istanbul Florence Nightingale Hospital {https://ror.org/01jh1mm11}
"Franche-Comté Électronique Mécanique, Thermique et Optique - Sciences et Technologies (UMR 6174)",Franche-Comté Électronique Mécanique Thermique et Optique - Sciences et Technologies {https://ror.org/004fmxv66}|Franche-Comté Électronique Mécanique Thermique et Optique - Sciences et Technologies {https://ror.org/004fmxv66}
"Fudan Univ. Shanghai, China",Fudan University {https://ror.org/013q1eq08}
Fudan University,Fudan University {https://ror.org/013q1eq08}
"Fudan University,china",Fudan University {https://ror.org/013q1eq08}
"Fujian university of traditional, Chinese medicine, FuZhou China",Fujian University of Traditional Chinese Medicine {https://ror.org/05n0qbd70}
Gaidar Institute for Economic Policy,Gaidar Institute for Economic Policy {https://ror.org/03jqhsm88}
"Gestion de l'Eau, Acteurs, Usages","Gestion de l'Eau, Acteurs, Usages {https://ror.org/020g0rw41}"
"Grünberg Research Centre, Nanjing University of Posts and Telecommunications , Nanjing 210003, China.",Nanjing University of Posts and Telecommunications {https://ror.org/043bpky34}
"H. E. J. Research Institute of Chemistry, International Center for Chemical and Biological Sciences, University of Karachi , Karachi, Pakistan",University of Karachi {https://ror.org/05bbbc791}|International Center for Chemical and Biological Sciences {https://ror.org/024ghrf67}
"Hanken Sch. of Econ., Finland",Hanken School of Economics {https://ror.org/026086s92}
"Henan Inst. of Sci. & Technol., Xinxiang, China",Henan Institute of Science and Technology {https://ror.org/0578f1k82}
"Herbert Wertheim College of Medicine, Florida International University, Miami, FL, USA.",Florida International University {https://ror.org/02gz6gg07}
Heriot-Watt Univ (United Kingdom),Heriot-Watt University {https://ror.org/04mghma93}
"Hochschule Darmstadt, Darmstadt, Deutschland",Darmstadt University of Applied Sciences {https://ror.org/047wbd030}
Hugin Expert A/S,Hugin Expert (Denmark) {https://ror.org/053pt1j04}
"IDM Almaden Research Center, San Jose, CA#TAB#",IBM Research - Almaden {https://ror.org/005w8dd04}
"ISN Nat. Key Lab., Xidian Univ., Xi'an, China#TAB#",Xidian University {https://ror.org/05s92vm98}
Igor Sikorsky Kyiv Polytechnic Institute,National Technical University of Ukraine “Igor Sikorsky Kyiv Polytechnic Institute” {https://ror.org/00syn5v21}
"Illinois Genetic Algorithms Laboratory (IlliGAL), Department of General Engineering, University of Illinois at Urbana-Champaign, 104 S. Mathews Avenue, Urbana, Illinois#TAB#",University of Illinois Urbana-Champaign {https://ror.org/047426m28}
"Illinois Genetic Algorithms Laboratory University of Illinois Urbana, IL 61801 USA deg@illigal.ge.uiuc.edu#TAB#",University of Illinois Urbana-Champaign {https://ror.org/047426m28}
"Illinois Genetic Algorithms Laboratory, University of Illinois at Urbana Champaign, Urbana, IL, USA",University of Illinois Urbana-Champaign {https://ror.org/047426m28}
"Illinois Genetic Algorithms Laboratory, University of Illinois at Urbana-Champaign, 117 Transportation Building, 104 S. Mathews Av. Urbana, IL#TAB#",University of Illinois Urbana-Champaign {https://ror.org/047426m28}
"Illinois Genetic Algorithms Laboratory, University of Illinois at Urbana-Champaign, USA IL 61801#TAB#",University of Illinois Urbana-Champaign {https://ror.org/047426m28}
"Illinois Genetic Algorithms Laboratory, University of Illinois at Urbana-Champaign, Urbana, IL",University of Illinois Urbana-Champaign {https://ror.org/047426m28}
"Illinois Genetic Algorithms Laboratory, University of Illinois at Urbana-Champaign, Urbana, Illinois",University of Illinois Urbana-Champaign {https://ror.org/047426m28}
"Illinois Genetic Algorithms Laboratory, University of Illinois at Urbana-Champaign, Urbana-Champaign, Illinois#TAB#",University of Illinois Urbana-Champaign {https://ror.org/047426m28}
"Illinois Genetic Algorithms Laboratory, University of Illinois, Urbana, IL#TAB#",University of Illinois Urbana-Champaign {https://ror.org/047426m28}
"Indian Council of Forestry Research & Education, Dehradun, India.",Indian Council of Forestry Research and Education {https://ror.org/04r2bgz73}
"Indian Institute of Science, Education, and Research, Pune 411008, India.",Indian Institute of Science Education and Research Pune {https://ror.org/028qa3n13}
Indian Institute of Technology,
"Inf. Eng. Coll., Beijing Inst. of Petrochem. Technol., Beijing",Beijing Institute of Petrochemical Technology {https://ror.org/025s55q11}
Inje Univ.,Inje University {https://ror.org/04xqwq985}
"Inst. for Marine and Antarctic Studies, Univ. of Tasmania, Hobart, Australia",University of Tasmania {https://ror.org/01nfmeh72}
"Inst. of Software, Peking Univ., Beijing, China",Peking University {https://ror.org/02v51f717}
Institut Charles Gerhardt Montpellier - Institut de Chimie Moléculaire et des Matériaux de Montpellier,Institut Charles Gerhardt {https://ror.org/028wq3277}
Institut Fresnel (France),Institut Fresnel {https://ror.org/03br1wy20}
"Institut Paoli-Calmettes, Marseille, France",Institute Paoli-Calmettes {https://ror.org/04s3t1g37}
"Institut de Ciència de Materials de Barcelona (ICMAB-CSIC), Campus Universitari, 08193 Bellaterra,Catalonia,Spain",Institut de Ciència de Materials de Barcelona {https://ror.org/03hasqf61}|Consejo Superior de Investigaciones Científicas {https://ror.org/02gfc7t72}
"Institut für Angewandte Mathematik Universität Bonn, Wegelerstraße 6 5300 Bonn, West Germany",University of Bonn {https://ror.org/041nas322}
"Institut für Angewandte Mathematik der Universität, Bonn, Federal Republic of Germany",University of Bonn {https://ror.org/041nas322}
"Institut für Angewandte Mathematik, Universität Bonn, Bonn,#N#Germany#N#",University of Bonn {https://ror.org/041nas322}
"Institut für Angewandte Mathematik, Universität Bonn, Wegelerstrasse 6, 53 Bonn, West Germany",University of Bonn {https://ror.org/041nas322}
"Institut für Angewandte Mathematik, der Universität Bonn, Wegelerstraße 6, D — 53 Bonn",University of Bonn {https://ror.org/041nas322}
Institut méditerranéen de biodiversité et d'écologie marine et continentale,Mediterranean Institute of Marine and Terrestrial Biodiversity and Ecology {https://ror.org/0409c3995}
"Institute for Physical Science and Technology and Department of Mathematics, University of Maryland, College Park, Maryland#TAB#","University of Maryland, College Park {https://ror.org/047s2c258}"
"Institute for Theoretical Physics, State University of New York at Stony Brook, Stony Brook, Long Island, NY 11794, USA",Stony Brook University {https://ror.org/05qghxh33}
"Institute for Theoretical Physics, State University of New York at Stony Brook, Stony Brook, NY 11794, USA",Stony Brook University {https://ror.org/05qghxh33}
"Institute for Theoretical Physics, State University of New York at Stony Brook, Stony Brook, NY 1794–3840, USA",Stony Brook University {https://ror.org/05qghxh33}
"Institute for Theoretical Physics, State University of New York at Stony Brook, Stony Brook, New York",Stony Brook University {https://ror.org/05qghxh33}
"Institute for Theoretical Physics, State University of New York at Stony Brook, Stony Brook, New York 11794-3840 USA",Stony Brook University {https://ror.org/05qghxh33}
"Institute for Theoretical Physics, State University of New York, Stony Brook, Long Island, New York 11794, USA",Stony Brook University {https://ror.org/05qghxh33}
"Institute for Theoretical Physics, State University of New York, Stony Brook, NY 11794 USA",Stony Brook University {https://ror.org/05qghxh33}
"Institute for Theoretical Physics, State University of New York, Stony Brook, NY 11794, USA",Stony Brook University {https://ror.org/05qghxh33}
"Institute for Theoretical Physics, State University of New York, Stony Brook, NY 11794-3800, USA",Stony Brook University {https://ror.org/05qghxh33}
"Institute for Theoretical Physics, State University of New York, Stony Brook, New York 11794, USA",Stony Brook University {https://ror.org/05qghxh33}
"Institute for the Physics and Mathematics of the Universe (IPMU), University of Tokyo, Chiba 277-8582, Japan",The University of Tokyo {https://ror.org/057zh3y96}|Kavli Institute for the Physics and Mathematics of the Universe {https://ror.org/02chw6z69}
"Institute für Angewandte Mathematik, Universität Bonn, 53 Bonn, W. Germany",University of Bonn {https://ror.org/041nas322}
"Institute of Astronomy Cambridge, UK",
"Institute of Astronomy, Cambridge University, Cambridge CB3 0HA, England, UK",University of Cambridge {https://ror.org/013meh722}
"Institute of Astronomy, Cambridge University, Madingley Road, Cambridge CB3 0HA, England, U.K",University of Cambridge {https://ror.org/013meh722}
"Institute of Astronomy, Cambridge University, Madingley Road, Cambridge CB3 0HA, England, UK",University of Cambridge {https://ror.org/013meh722}
"Institute of Astronomy, University of Cambridge, Madingley Road, Cambridge CB3 0HA",University of Cambridge {https://ror.org/013meh722}
"Institute of Astronomy, University of Cambridge, Madingley Road, Cambridge CB3 0HA, UK",University of Cambridge {https://ror.org/013meh722}
Institute of Astronomy; Cambridge UK,
"Institute of Basic Science and School of Computer Aided Science, Inje University, Gimhae 621-749, Republic of Korea",Inje University {https://ror.org/04xqwq985}
"Institute of Basic Sciences and Department of Computer Simulation, Inje University, Gimhae 621-749, Republic of Korea",Inje University {https://ror.org/04xqwq985}
"Institute of Clinical Medicine, University of Tromsø,  Tromsø, Norway.",UiT The Arctic University of Norway {https://ror.org/00wge5k78}
"Institute of Computer Science and Technology, Xidian University, Xi’an, Shaanxi, China",Xidian University {https://ror.org/05s92vm98}
"Institute of Computer Science, Academy of Sciences, Prague, Czech Republic","Czech Academy of Sciences {https://ror.org/053avzc18}|Czech Academy of Sciences, Institute of Computer Science {https://ror.org/0496n6574}"
"Institute of Heavy Ion Physics, Peking University, Beijing 100871, China",Peking University {https://ror.org/02v51f717}
"Institute of Mathematical Science and School of Computer Aided Science, Inje University, Gimhae 621-749, South Korea",Inje University {https://ror.org/04xqwq985}
"Institute of Medical Informatics, Biometry, and Epidemiology, University Duisburg-Essen, Essen, Germany",University of Duisburg-Essen {https://ror.org/04mz5ra38}
"Institute of Microelectronics, 11 Science Park Road, Science Park II, Singapore 117685, Singapore#TAB#",Institute of Microelectronics {https://ror.org/009rw8n36}
"Institute of Molecular Plus, Tianjin University, Tianjin, 300072, China",Tianjin University {https://ror.org/012tb2g32}
"Institute of Neuroscience, Newcastle University, Newcastle upon Tyne NE2 4HH, UK.",Newcastle University {https://ror.org/01kj2bm70}
"Institute of Neuroscience, Newcastle University, Newcastle upon Tyne, NE2 4HH, UK",Newcastle University {https://ror.org/01kj2bm70}
Institute of Optics and Electronics (China),Institute of Optics and Electronics {https://ror.org/02bn68w95}
"Institute of Particle Physics, Hua-Zhong Normal University, Wuhan 430070, China",Central China Normal University {https://ror.org/03x1jna21}
"Institute of Scientific and Technical Information of China, Beijing, China#TAB#",Institute of Scientific and Technical Information of China {https://ror.org/01b2av652}
"Institute of Theoretical and Experimental Physics, B. Cheremushkinskaya str. 25, 117218 Moscow, Russia",Institute for Theoretical and Experimental Physics {https://ror.org/0238gz740}
Instituto Federal Catarinense - Campus Ibirama,Instituto Federal Catarinense {https://ror.org/02f8h1m78}
"Instituto Federal De Educação Ciência, e Tecnologia Goiano",Instituto Federal Goiano {https://ror.org/0036c6m19}
"Instituto de Biología y Medicina Experimental, IBYME-CONICET, Ciudad Autónoma de Buenos Aires, Argentina.",Experimental Medicine and Biology Institute {https://ror.org/03hnwy706}
"Instituto de Seguridad y Servicios Sociales de los Trabajadores del Estado, Ciudad de México, México",Institute for Social Security and Services for State Workers {https://ror.org/02d93ae38}
"International Joint Cancer Institute, The Second Military Medical University, Shanghai, China",Second Military Medical University {https://ror.org/04tavpn47}
International Univ of Health and Welfare,International University of Health and Welfare {https://ror.org/053d3tv41}
"Istituto di Ricerche Farmacologiche Mario Negri IRCCS, Centro Anna Maria Astori, Science and Technology Park Kilometro Rosso, Bergamo, Italy.",Mario Negri Institute for Pharmacological Research {https://ror.org/05aspc753}
"Italian National Institute of Health, Department of Technology and health, Rome, 00161, Italy",Istituto Superiore di Sanità {https://ror.org/02hssy432}
"Izaña Atmospheric Research Centre (IARC), State Meteorological Agency of Spain (AEMET), Santa Cruz de Tenerife, Spain",Agencia Estatal de Meteorología {https://ror.org/04kxf1r09}
JIANGXI UNIVERSITY OF SCIENCE & TECHNOLOGY,Jiangxi University of Science and Technology {https://ror.org/03q0t9252}
Japan Adv. Inst. of Science and Tech.,Japan Advanced Institute of Science and Technology {https://ror.org/03frj4r98}
"Jinnah Medical and Dental College, Karachi Pakistan",Jinnah Medical & Dental College {https://ror.org/05gh0na70}
KDI School of Public Policy & Management,Korea Development Institute {https://ror.org/02h7vzs32}
"Kansas State Univ., Manhattan",Kansas State University {https://ror.org/05p1j8758}
"Kansas State University Manhattan, KS",Kansas State University {https://ror.org/05p1j8758}
"Kazan State Power Engineering University, Kazan, Russia",Kazan State Power Engineering University {https://ror.org/0326g9440}
"Key Laboratory for Environmental and Urban Sciences, Shenzhen Graduate School, Peking University, Shenzhen 518055, China",Peking University {https://ror.org/02v51f717}
"Khlopin Radium Institute,St. Petersburg,Russia",V. G. Khlopin Radium Institute {https://ror.org/05gy4kr80}
"Kyiv National University of Construction and Architecture,",Kyiv National University of Construction and Architecture {https://ror.org/02qp15436}
Kyoto Univ.,Kyoto University {https://ror.org/02kpeqv85}
"Kyoto University, Kyoto, JAPAN",Kyoto University {https://ror.org/02kpeqv85}
"LATP.CMI., Université de Provence. Rue Joliot-Curie, F-13453 Marseille Cedex 13, France",Aix-Marseille University {https://ror.org/035xkbk20}
LG Household & Health Care (LG H&H) Seoul Korea,
Laboratoire de chimie théorique,Laboratoire de Chimie Théorique {https://ror.org/00tmb7y09}
"Laboratori Nazionali di Frascati dell'INFN, I-00044, Frascati, Italy",National Laboratory of Frascati {https://ror.org/049jf1a25}|Istituto Nazionale di Fisica Nucleare {https://ror.org/005ta0471}
"Laboratory for Knowledge Discovery in Databases, Computing and Information Sciences (CIS) Department, Kansas State University, Manhattan, KS#TAB#",Kansas State University {https://ror.org/05p1j8758}
"Laboratory for Knowledge Discovery in Databases, Kansas State University, Manhattan, KS#TAB#",Kansas State University {https://ror.org/05p1j8758}
"Laboratory of Functional Chemistry and Nutrition of Food, College of Food Science and Engineering, Northwest A&F University,Yangling,China",North West Agriculture and Forestry University {https://ror.org/0051rme32}
"Laboratory of Morphometry and Cardiovascular Morphology, Biomedical Center, Institute of Biology, State University of Rio de Janeiro, Brazil.",Rio de Janeiro State University {https://ror.org/0198v2949}
Laureate Institute for Brain Research.,Laureate Institute for Brain Research {https://ror.org/05e6pjy56}
"LogicVision, SanJose, CA",
"M.H. Saboo Siddik College of Engineering, Mumbai, India#TAB#",
MATHEMATISCHES INSTITUT UNIVERSITÄT BONN BONN,University of Bonn {https://ror.org/041nas322}
Macquarie University  Sydney NSW,Macquarie University {https://ror.org/01sf06y89}
"Macquarie University Sydney, NSW 2109 Australia",Macquarie University {https://ror.org/01sf06y89}
Macquarie University — Sydney,Macquarie University {https://ror.org/01sf06y89}
"Macquarie University, NSW, Australia.",Macquarie University {https://ror.org/01sf06y89}
"Macquarie University, Sydney, NSW, Australia",Macquarie University {https://ror.org/01sf06y89}
"Management Intelligenter Technologien GmbH, Promenade 9, 52076 Aachen, Germany#TAB#",Management Intelligenter Technologien (Germany) {https://ror.org/047m6hg73}
"Materials Physics Laboratory, State Key Laboratory for Mesoscope Physics, Department of Physics, Peking University, Beijing 100871, China",Peking University {https://ror.org/02v51f717}
"Materials Physics Laboratory, State Key Laboratory for Mesoscopic Physics, Department of Physics, Peking University, Beijing 100871, China",Peking University {https://ror.org/02v51f717}
"Mathematics Department , College of Science King Saud University , P O Box 2455, Riyadh, 11451, Saudi Arabia ",King Saud University {https://ror.org/02f81g417}
"Mathematics Department , College of Science, King Saud University , Riyadh, 11451, Saudi Arabia ",King Saud University {https://ror.org/02f81g417}
"Mathematics Department College of Science, King Saud University, Riyadh, Saudi Arabia",King Saud University {https://ror.org/02f81g417}
Mathematics Department University of Calgary,University of Calgary {https://ror.org/03yjb2x39}
"Mathematics Department University of Calgary Calgary, Alberta T2N 1N4 Canada",University of Calgary {https://ror.org/03yjb2x39}
"Mathematics Department, College of Science , King Saud University , P.O. Box 2455, Riyadh, 11451, Saudi Arabia ",King Saud University {https://ror.org/02f81g417}
"Mathematics Department, College of Science King Saud University, P.O. Box 2455, Riyadh 11451, Saudi Arabia",King Saud University {https://ror.org/02f81g417}
"Mathematics Department, College of Science King Saud University, P.O. Box 2455, Riyadh 11451, Saudi Arabia#TAB#",King Saud University {https://ror.org/02f81g417}
"Mathematics Department, College of Science, Kind Saud University, Riyadh 11451, Saudi Arabia",King Saud University {https://ror.org/02f81g417}
"Mathematics Department, College of Science, King Saud University P.O. Box 2455, Riyadh 11451, Saudi Arabia",King Saud University {https://ror.org/02f81g417}
"Mathematics Department, College of Science, King Saud University, P. O. Box 2455, Riyadh 11451, Saudi Arabia",King Saud University {https://ror.org/02f81g417}
"Mathematics Department, College of Science, King Saud University, Riyadh 11451, Saudi Arabia",King Saud University {https://ror.org/02f81g417}
"Mathematics Department, College of Science, P.O. Box 2455, King Saud University, Riyadh 11451, Saudi Arabia#TAB#",King Saud University {https://ror.org/02f81g417}
"Mathematics Department, King Saud University, Riyadh, 11451, Saudi Arabia",King Saud University {https://ror.org/02f81g417}
"Mathematics Department, University of Calgary, Calgary, Alberta, Canada, T2N 1N4. E-mail: ramollin@math.ucalgary.ca",University of Calgary {https://ror.org/03yjb2x39}
"Mathematics Department, University of Maryland, College Park, USA","University of Maryland, College Park {https://ror.org/047s2c258}"
"Mathematisches Institut , Universität Bonn , Bonn , Germany ",University of Bonn {https://ror.org/041nas322}
Mathematisches Institut Universität Bonn,University of Bonn {https://ror.org/041nas322}
"Mathematisches Institut der Universität Bonn, Bonn 1, Federal Republic of Germany",University of Bonn {https://ror.org/041nas322}
"Mathematisches Institut der Universität Bonn, Bonn, ",University of Bonn {https://ror.org/041nas322}
"Mcgill Univ Health centre, Montreal, Canada",McGill University Health Centre {https://ror.org/04cpxjv19}
"Menzies Inst for Med Res, Univ of Tasmania, Hobart, Australia",University of Tasmania {https://ror.org/01nfmeh72}
"Microprocessor R&D Center, Peking Univ., Beijing, China",Peking University {https://ror.org/02v51f717}
"Microprocessor R&D Center, Peking Univ., Peking",Peking University {https://ror.org/02v51f717}
Ministry of Water Resources,Ministry of Water Resources of the People's Republic of China {https://ror.org/04e698d63}
Mälardalen University,Mälardalen University {https://ror.org/033vfbz75}
NASA Ames Res. Center,Ames Research Center {https://ror.org/02acart68}
"NORDITA and State University of New York∗, Stony Brook, N.Y., USA",Stony Brook University {https://ror.org/05qghxh33}|Nordic Institute for Theoretical Physics {https://ror.org/03r06fs10}
"National Engineering Research Center for Biomaterials, Sichuan University, Chengdu 610064, PR China",Sichuan University {https://ror.org/011ashp19}
"National Heart Research Institute Singapore, National Heart Centre Singapore, Singapore",National Heart Centre Singapore {https://ror.org/04f8k9513}
National Inst. of Polar Research,National Institute of Polar Research {https://ror.org/05k6m5t95}
National Institute of Animal Biotechnology  Hyderabad India,National Institute of Animal Biotechnology {https://ror.org/00f6a9h42}
"National Key Laboratory of Antennas and Microwave Technology, Xidian University, Xi'an, Shaanxi 710071, People's Republic of China",Xidian University {https://ror.org/05s92vm98}
"National Key Laboratory of Thermostructure Composite Materials, College of Materials Science, Northwestern Polytechnical University, Xi'an 710072, PR China",Northwestern Polytechnical University {https://ror.org/01y0j0j86}
"National Key Laboratory of Thermostructure Composite Materials, Northwestern Polytechnical University, 547 Mailbox, Xi'an Shaanxi 710072, People's Republic of China",Northwestern Polytechnical University {https://ror.org/01y0j0j86}
"National Key Laboratory of Thermostructure Composite Materials, Northwestern Polytechnical University, P.O. Box 547, Xi’an, Shaanxi 710072, China",Northwestern Polytechnical University {https://ror.org/01y0j0j86}
"National Key Laboratory of Thermostructure Composite Materials, Northwestern Polytechnical University, Xi'an 710072, China",Northwestern Polytechnical University {https://ror.org/01y0j0j86}
"National Key Laboratory of Thermostructure Composite Materials, Northwestern Polytechnical University, Xi'an Shaanxi 710072, China",Northwestern Polytechnical University {https://ror.org/01y0j0j86}
"National Key Laboratory of Thermostructure Composite Materials, Northwestern Polytechnical University, Xi'an Shaanxi 710072, People's Republic of China",Northwestern Polytechnical University {https://ror.org/01y0j0j86}
"National Key Laboratory of Thermostructure Composite Materials, Northwestern Polytechnical University, Xi’an 710072, Shannxi, PR China",Northwestern Polytechnical University {https://ror.org/01y0j0j86}
"National Key Laboratory of Thermostructure Composite Materials, Northwestern Polytechnical University, Xi’an, Shaanxi 710072, PR China",Northwestern Polytechnical University {https://ror.org/01y0j0j86}
"National Key Laboratory of Thermostructure Composite Materials, School of Materials Science, Northwestern Polytechnical University, Xi’an Shaanxi 710072, PR China",Northwestern Polytechnical University {https://ror.org/01y0j0j86}
"National Key Laboratory of Thermostructure Composite Materials, School of Materials Science, Northwestern Polytechnical University, Xi’an, Shannxi 710072, PR China",Northwestern Polytechnical University {https://ror.org/01y0j0j86}
"National Laboratory of Antennas and Microwave Technology, Xidian University, Xi'an, Shaanxi 710071, People's Republic China",Xidian University {https://ror.org/05s92vm98}
"Nature Inspired Computation and Applications Laboratory, School of Information Science and Technology, USTC, Huangshan Road, Hefei, Anhui 230027, China#TAB#",University of Science and Technology of China {https://ror.org/04c4dkn09}
"Nephrology Department, Centro Hospitalar Vila Nova de Gaia/Espinho, Vila Nova de Gaia, PORTUGAL",Centro Hospitalar de Vila Nova de Gaia {https://ror.org/042jpy919}
"Netaji Subhash Engg. College,Kolkata,India",
"Northeast Normal Univ, Changchun, China",Northeast Normal University {https://ror.org/02rkvz144}
Northwest A&F University College of Forestry Yangling China,North West Agriculture and Forestry University {https://ror.org/0051rme32}
"Northwest A&F University, Yangling 712100, China",North West Agriculture and Forestry University {https://ror.org/0051rme32}
"Northwest Institute of Nuclear Technology, P",Northwest Institute of Nuclear Technology {https://ror.org/04svrh266}
"Novosibirsk State Agrarian University, Novosibirsk, Russia",Novosibirsk State Agricultural University {https://ror.org/01hgeey64}
"Nutritional Biochemistry Laboratory, Department of Human Physiology, Tripura University (A Central University), Suryamaninagar, West Tripura, Agartala 799022, India.",Tripura University {https://ror.org/05xqycm14}
Obihiro University of Agriculture and Veterinary Medicine,Obihiro University of Agriculture and Veterinary Medicine {https://ror.org/02t9fsj94}
"Odesa National Medical University, Odesa, Ukraine;",Odessa National Medical University {https://ror.org/0110at529}
"Oregon Res. Inst., Eugene, OR, USA",Oregon Research Institute {https://ror.org/05j91v252}
PGS (),Petroleum Geo-Services (United Kingdom) {https://ror.org/04s3xvj56}
"Pattern Discovery Software Systems Ltd., Canada#TAB#",Pattern Discovery Technologies (Canada) {https://ror.org/04hs39d68}
Peking Univ.#TAB#,Peking University {https://ror.org/02v51f717}
"Peking University, Beijing, ",Peking University {https://ror.org/02v51f717}
"Pendidikan Anak Usia Dini, Universitas negeri Jakarta",State University of Jakarta {https://ror.org/01hgg7b81}
"Peter the Great St. Petersburg Polytechnic University, Polytechnicheskaya, 29, St., Petersburg 195251, Russia",Peter the Great St. Petersburg Polytechnic University {https://ror.org/02x91aj62}
"Physics Department State University of New York at Stony Brook, Stony Brook, USA",Stony Brook University {https://ror.org/05qghxh33}
"Physics Department, SUNY at Stony Brook, NY 11794, USA",Stony Brook University {https://ror.org/05qghxh33}
"Physics Department, SUNY at Stony Brook, NY and ITP, UCSB, Santa Barbara, CA",Stony Brook University {https://ror.org/05qghxh33}
"Physics Department, State University of New York at Stony Brook, Long Island, New York 11794 USA",Stony Brook University {https://ror.org/05qghxh33}
"Physics Department, State University of New York at Stony Brook, Stony Brook, NY 11794, USA",Stony Brook University {https://ror.org/05qghxh33}
"Physics Department, State University of New York at Stony Brook, Stony Brook, NY 11794-3800, USA",Stony Brook University {https://ror.org/05qghxh33}
"Physics Department, State University of New York, Stony Brook NY 11794, USA",Stony Brook University {https://ror.org/05qghxh33}
"Physics Department, State University of New York, Stony Brook, L.I., NY 11794, USA",Stony Brook University {https://ror.org/05qghxh33}
"Physics Department, State University of New York, Stony Brook, USA",Stony Brook University {https://ror.org/05qghxh33}
"Physik-Department E15, Technische Universität München, James-Franck-Strasse, D-85748 Garching, Germany",Technical University of Munich {https://ror.org/02kkvpp62}
Politeknik Ilmu Pemasyarakatan,
Politeknik Negeri Medan,
Politeknik Negeri Sriwijaya,
Postech,Pohang University of Science and Technology {https://ror.org/04xysgw12}
"Prodi Peternakan, Fakultas Peternakan, Universitas Nusa Cendana",University of Nusa Cendana {https://ror.org/04yf4aj88}
"Programming Languages and Compilers Group, School of Computer Science and Engineering, The University of New South Wales, Sydney, Australia#TAB#",UNSW Sydney {https://ror.org/03r8z3t63}
"Programming Languages and Compilers Group, School of Computer Science and Engineering, University of New South Wales, Sydney#TAB#",UNSW Sydney {https://ror.org/03r8z3t63}
Published under license in Journal of Physics: Conference Series by IOP Publishing Ltd,
ROSNEFT OIL COMPANY,Rosneft (Russia) {https://ror.org/01vw57x46}
"Rajasthan College of Agriculture, Maharana Pratap University of Agriculture and Technology,#R##N#Udaipur, Rajasthan 313 001, India",Maharana Pratap University of Agriculture and Technology {https://ror.org/05jhq2w18}
"Relativity Research Center and School of Computer Aided Science, Inje University, Gimhae 621-749, South Korea",Inje University {https://ror.org/04xqwq985}
"Research Center for Animal Hygiene and Food Safety, Obihiro University of Agriculture and Veterinary Medicine, 2-11 Inada, Obihiro, Hokkaido 080-8555, Japan",Obihiro University of Agriculture and Veterinary Medicine {https://ror.org/02t9fsj94}
Research Institute for Fragrance Materials Inc,Research Institute for Fragrance Materials {https://ror.org/03dpvmw27}
"Research Planning & Information Division, National Institute of Agricultural Biotechnology, Suwon, Korea",National Institute of Agricultural Science and Technology {https://ror.org/000vy8681}
"Royal Victoria Hospital, Belfast, United Kingdom",Royal Victoria Hospital {https://ror.org/03rq50d77}
"SARNOFF CORP., PRINCETON",
Samara National Research Univ. (Russian Federation),Samara National Research University {https://ror.org/05ggagb37}
"Sapporo Medical Univ., Sapporo, Japan",Sapporo Medical University {https://ror.org/01h7cca57}
"Sarnoff Corporation 201 Washington Road Princeton, NJ#TAB#",
"Sarnoff Corporation Princeton, NJ",
"Sch. Of Comput. Sci. & Eng., Univ. of New South Wales, Sydney, NSW",UNSW Sydney {https://ror.org/03r8z3t63}
"Sch. of Eng. Sci., Univ. of Skovde, Skovde, Sweden",University of Skövde {https://ror.org/051mrsz47}
"Sch. of Resources & Civil Eng., Northeastern Univ., Shenyang, China",Northeastern University {https://ror.org/03awzbc87}
"School of Chemical Engineering & Industrial Chemistry, The University of New South Wales, UNSW, Sydney, NSW, Australia#TAB#",UNSW Sydney {https://ror.org/03r8z3t63}
"School of Chemical Engineering and Industrial Chemistry, The University of New South Wales, UNSW, Sydney, NSW 2052, Australia",UNSW Sydney {https://ror.org/03r8z3t63}
"School of Chemical Engineering and Industrial Chemistry, The University of New South Wales, UNSW, Sydney, NSW 2052, Australia#TAB#",UNSW Sydney {https://ror.org/03r8z3t63}
"School of Communication Engineering, Xidian University, Xi'an, China",Xidian University {https://ror.org/05s92vm98}
"School of Computer Sci. and Eng., University of New South Wales, Sydney, NSW, Australia#TAB#",UNSW Sydney {https://ror.org/03r8z3t63}
"School of Computer Science & Engineering, University of New South Wales, Kensington, Australia",UNSW Sydney {https://ror.org/03r8z3t63}
"School of Computer Science and Engineering, University of NSW, Australia and NICTA, Australia",Data61 {https://ror.org/03q397159}|UNSW Sydney {https://ror.org/03r8z3t63}
"School of Computer Science and Engineering, University of New South Wales, Sydney, ",UNSW Sydney {https://ror.org/03r8z3t63}
"School of Computer Science and Engineering, University of New South Wales,Australia",UNSW Sydney {https://ror.org/03r8z3t63}
"School of Computer Science and Technology, Taiyuan University of Science & Technology, Taiyuan 030024, China.",Taiyuan University of Science and Technology {https://ror.org/01wcbdc92}
"School of Computer Science and Technology, Xidian University, Xi'an 710071, China#TAB#",Xidian University {https://ror.org/05s92vm98}
"School of Computing, University of Dundee, Dundee DD1 4HN, UK#TAB#",University of Dundee {https://ror.org/03h2bxq36}
"School of Electrical and Computer Engineering, National Technical, University of Athens, Athens, Greece",National Technical University of Athens {https://ror.org/03cx6bg69}
"School of Electronics and Information, Northwestern Polytechnical University, Xi'an 710072, China#TAB#",Northwestern Polytechnical University {https://ror.org/01y0j0j86}
"School of Energy and Power Engineering, University of Shanghai for Science & Technology, Shanghai 200093, PR China",University of Shanghai for Science and Technology {https://ror.org/00ay9v204}
"School of Environmental and Rural Science Univ. of New England Armidale, NSW 2351, Australia",University of New England {https://ror.org/04r659a56}
"School of Management Science and Engineering, Shandong University, of Finance and Economics, Jinan Shandong, China",Shandong University of Finance and Economics {https://ror.org/02e2nnq08}
"School of Materials Science and Engineering,Beijing University of Aeronautics and Astroautics,Beijing 100083",Beihang University {https://ror.org/00wk2mp56}
School of Mechanical Engineering Lovely Professional University  Phagwara Punjab India,Lovely Professional University {https://ror.org/00et6q107}
School of Metallurgy Northeastern University Shenyang China,Northeastern University {https://ror.org/03awzbc87}
"Science and Technology on Thermostructural Composite Materials Laboratory, Northwestern Polytechnical University, Xi’an, Shaanxi 710072, PR China",Northwestern Polytechnical University {https://ror.org/01y0j0j86}
"Science and Technology on Thermostructure Composite Materials Laboratory, Northwestern Polytechnical University, West Youyi Rd, No. 127, Xi’an, Shaanxi 710072, PR China",Northwestern Polytechnical University {https://ror.org/01y0j0j86}
"Science and Technology on Thermostructure Composite Materials Laboratory, Northwestern Polytechnical University, Xi'an, Shaanxi 710072, PR China",Northwestern Polytechnical University {https://ror.org/01y0j0j86}
"Science and Technology on Thermostructure Composite Materials Laboratory, Northwestern Polytechnical University, Xi׳an, Shaanxi 710072, China",Northwestern Polytechnical University {https://ror.org/01y0j0j86}
"Science and Technology on Thermostructure Composite Materials Laboratory, Northwestern Polytechnical University, Xi’an, Shaanxi 710072, China",Northwestern Polytechnical University {https://ror.org/01y0j0j86}
"Shanghai Acad. of Spaceflight Technol., Shanghai, China",Shanghai Academy of Spaceflight Technology {https://ror.org/050qhwt21}
"Shanghai Inst. of Technol., Shanghai, China",Shanghai Institute of Technology {https://ror.org/00fjzqj15}
Shanghai Xin Jinqiao Environmental Protection Company,
"Singapore Inst. of Technol., Singapore, Singapore",Singapore Institute of Technology {https://ror.org/01v2c2791}
"Singapore Institute of Technology , Singapore",Singapore Institute of Technology {https://ror.org/01v2c2791}
"Smart Media Institute, University College Dublin, Ireland#TAB#",University College Dublin {https://ror.org/05m7pjf47}
"Smith-Kettlewell Eye Res Inst, San Francisco, CA",Smith-Kettlewell Eye Research Institute {https://ror.org/05783y657}
South-Ural State Medical University.,Chelyabinsk State Medical Academy {https://ror.org/05srfkv34}
"State Key Lab of ISN, Xidian University, Xi'an, 710071 China#TAB#",Xidian University {https://ror.org/05s92vm98}
"State Key Lab. of Integrated Service Networks, Xidian University, Xi’an, China",Xidian University {https://ror.org/05s92vm98}
"State Key Lab. of Integrated Services Networks, Xidian Univ., Xidian",Xidian University {https://ror.org/05s92vm98}
"State Key Lab. of Integrated Services Networks, Xidian University, Xi'an China",Xidian University {https://ror.org/05s92vm98}
"State Key Laboratories of ISN, Xidian University, Xi’an, China",Xidian University {https://ror.org/05s92vm98}
"State Key Laboratory of Component-Based Chinese Medicine, Tianjin University of Traditional Chinese Medicine, Tianjin, China.",Tianjin University of Traditional Chinese Medicine {https://ror.org/05dfcz246}
"State Key Laboratory of Integrated Service Networks, Xidian University, Xi'an, Shaanxi, 710071 China",Xidian University {https://ror.org/05s92vm98}
"State Key Laboratory of Integrated Service Networks, Xidian University, Xi’an, China",Xidian University {https://ror.org/05s92vm98}
State Key Laboratory of Organic Electronics and Information Displays & Institute of Advanced Materials (IAM) Nanjing University of Posts & Telecommunications  9 Wenyuan Road Nanjing 210023 China,Nanjing University of Posts and Telecommunications {https://ror.org/043bpky34}
"State Key Laboratory of Rare Earth Materials Chemistry and Applications, Peking University,Beijing,P. R. China",Peking University {https://ror.org/02v51f717}
"State Key Laboratory of Severe Weather & Key Laboratory of Atmospheric Chemistry of CMA, Chinese Academy of Meteorological Sciences, Beijing, 100081, China",Chinese Academy of Meteorological Sciences {https://ror.org/034b53w38}
"State Key Laboratory of Solidification Processing, Northwestern Polytechnical University, Xi'an Shaanxi, 710072, PR China",Northwestern Polytechnical University {https://ror.org/01y0j0j86}
"State Key Laboratory of Solidification Processing, Northwestern Polytechnical University, Xi'an, Shaanxi 710072, PR China",Northwestern Polytechnical University {https://ror.org/01y0j0j86}
"State Key Laboratory of Solidification Processing, Northwestern Polytechnical University, Xi’an Shaanxi 710072, China",Northwestern Polytechnical University {https://ror.org/01y0j0j86}
"State Key Laboratory of Solidification Processing, Northwestern Polytechnical University, Xi’an Shaanxi 710072, People's Republic of China",Northwestern Polytechnical University {https://ror.org/01y0j0j86}
"State University of New-York at Stony-Brook, Department of Physics, Stony-Brook, NY 11794, USA",Stony Brook University {https://ror.org/05qghxh33}
Steklov Mathematical Institute,Steklov Mathematical Institute {https://ror.org/03zeg8w71}
"Steklov Mathematical Institute , Vavilov str., 42, Moscow, 117966, Russia ",Steklov Mathematical Institute {https://ror.org/03zeg8w71}
"Steklov Mathematical Institute, Academy of Sciences of the USSR, USSR",Steklov Mathematical Institute {https://ror.org/03zeg8w71}
"Steklov Mathematical Institute, Moscow, U.S.S.R.",Steklov Mathematical Institute {https://ror.org/03zeg8w71}
"Steklov Mathematical Institute, Moscow, USSR",Steklov Mathematical Institute {https://ror.org/03zeg8w71}
Stony Brook University,Stony Brook University {https://ror.org/05qghxh33}
"TRIUMF, 4004 Wesbrook Mall, Vancouver, BC V6T 2A3, Canada.",TRIUMF {https://ror.org/03kgj4539}
TU Munich,Technical University of Munich {https://ror.org/02kkvpp62}
"Tanta Univ., Egypt",Tanta University {https://ror.org/016jp5b92}
"Tanzania Wildlife Research Inst., Arusha, Tanzania",Tanzania Wildlife Research Institute {https://ror.org/04sv7km52}
"Texas Tech University, Plant and Soil Science, Campus Box 42122, Lubbock, Texas, United States, 79409, ;",Texas Tech University {https://ror.org/0405mnx93}
"The Institute of Optics, University of Rochester, United States",University of Rochester {https://ror.org/022kthw22}
The Niels Bohr Institute,
"The Univ. of New South Wales, Sydney, Australia",UNSW Sydney {https://ror.org/03r8z3t63}
"The University of New South Wales, Australia",UNSW Sydney {https://ror.org/03r8z3t63}
"The University of New South, Wales",UNSW Sydney {https://ror.org/03r8z3t63}
"Theoretical Physics Division, Rudjer BoškovićInstitute, Zagreb, Croatia",Rudjer Boskovic Institute {https://ror.org/02mw21745}
"Tokyo Denki Univ., , Japan",Tokyo Denki University {https://ror.org/01pa62v70}
Tokyo Metropolitan Univ. (Japan),Tokyo Metropolitan University {https://ror.org/00ws30h19}
"Tomsk State University, Tomsk, Russia",National Research Tomsk State University {https://ror.org/02he2nc27}
"Trinity College, Cambridge.",
"Tula State Univ., Tula, Russia",Tula State University {https://ror.org/05shr3z13}
"Tver State Univ., Tver, Russia#TAB#",Tver State University {https://ror.org/03c8qq315}
U of North Carolina-Chapel Hill,University of North Carolina at Chapel Hill {https://ror.org/0130frc33}
UAB-IFAE,Universitat Autònoma de Barcelona {https://ror.org/052g8jq94}|Institute for High Energy Physics {https://ror.org/01sdrjx85}
"UCLA Computer Science Department, Los Angeles CA#TAB#","University of California, Los Angeles {https://ror.org/046rm7j60}"
"UCLA, CA,","University of California, Los Angeles {https://ror.org/046rm7j60}"
"UCLA, LOS ANGELES, CA","University of California, Los Angeles {https://ror.org/046rm7j60}"
UIN Alauddin Makassar,
"UNC Chapel Hill, Computer Science Department, USA#TAB#",University of North Carolina at Chapel Hill {https://ror.org/0130frc33}
UNINOVE,Universidade Nove de Julho {https://ror.org/005mpbw70}
UNIVERSITAS WARMADEWA,Warmadewa University {https://ror.org/02eehp307}
"UNIVERSITY OF CALIFORNIA, LOS ANGELES, CA","University of California, Los Angeles {https://ror.org/046rm7j60}"
"Unité Associée au CNRS no 769, Université P. et M. Curie, Laboratoire de Physique Théorique, Institut Henri Poincaré, 11, rue Pierre et Marie Curie, 75231 Paris Cedex 05, France",Institut Henri Poincaré {https://ror.org/05dfxeg46}|Sorbonne Université {https://ror.org/02en5vm52}|French National Centre for Scientific Research {https://ror.org/02feahw73}
"Univ Cincinnati, Cincinnati, OH",University of Cincinnati {https://ror.org/01e3m7079}
"Univ. of Illinois at Urbana-Champaign, Urbana, IL#TAB#",University of Illinois Urbana-Champaign {https://ror.org/047426m28}
Univ. of Kashan,University of Kashan {https://ror.org/015zmr509}
Univ. of Memphis,University of Memphis {https://ror.org/01cq23130}
Univ. of New South Wales (Australia)#TAB#,UNSW Sydney {https://ror.org/03r8z3t63}
"Univ. of New South Wales, Kensington NSW, Australia#TAB#",UNSW Sydney {https://ror.org/03r8z3t63}
Univ. of Rochester Medical Center,University of Rochester Medical Center {https://ror.org/00trqv719}
Universidad  de Lleida,Universitat de Lleida {https://ror.org/050c3cw24}
Universidad Nacional del Nordeste. Facultad de Ciencias Exactas y Naturales Y Agrimensura,National University of the Northeast {https://ror.org/057ecva72}
Universidad Nacional del nordeste,National University of the Northeast {https://ror.org/057ecva72}
Universidade  do  Estado do Rio de Janeiro,Rio de Janeiro State University {https://ror.org/0198v2949}
"Universidade Federal de Alfenas,  Brazil",Universidade Federal de Alfenas {https://ror.org/034vpja60}
Universidade Tecnológica Federal do Paraná,Universidade Tecnológica Federal do Paraná {https://ror.org/002v2kq79}
"Universidade de Cruz Alta, Cruz Alta, RS, Brasil",University of Cruz Alta {https://ror.org/043vxnh96}
Universidade de Sao Paulo Escola Superior de Agricultura Luiz de Queiroz;,Universidade de São Paulo {https://ror.org/036rp1748}
Universidade do Estado do Amazonas,Universidade do Estado do Amazonas {https://ror.org/04j5z3x06}
Universitas Bina Sarana Informatika,
"Universitas Budi Darma, Medan",
Universitas Internasional Batam,International University of Batam {https://ror.org/031dk8f13}
Universitas Kristen Duta Wacana,Duta Wacana Christian University {https://ror.org/036agwg70}
Universitas Nasional Pasim,Universitas Nasional Pasim {https://ror.org/05v4xtv52}
Universitas Negeri Gorontalo,State University of Gorontalo {https://ror.org/05417j740}
University College Dublin,University College Dublin {https://ror.org/05m7pjf47}
"University College Dublin , Dublin , Ireland ",University College Dublin {https://ror.org/05m7pjf47}
"University Hospitals Coventry & Warwickshire, NHS Trust, Coventry, UK.",University Hospitals Coventry and Warwickshire NHS Trust {https://ror.org/025n38288}
"University Institute of Engineering and Technology, Panjab University , Chandigarh, 160014, India.",Panjab University {https://ror.org/04p2sbk06}
University at Buffalo,"University at Buffalo, State University of New York {https://ror.org/01y64my43}"
"University of California at Los Angeles, Los Angeles, CA","University of California, Los Angeles {https://ror.org/046rm7j60}"
University of California at San Francisco,"University of California, San Francisco {https://ror.org/043mz5j54}"
"University of California, Los Angeles.","University of California, Los Angeles {https://ror.org/046rm7j60}"
"University of Cambridge, Department of Applied Mathematics and Theoretical Physics, Silver Street, Cambridge CB3 9EW, UK",University of Cambridge {https://ror.org/013meh722}
University of Connecticut,University of Connecticut {https://ror.org/02der9h97}
University of Groningen,University of Groningen {https://ror.org/012p63287}
"University of Illinois at Urbana Champaign, Urbana, IL, USA.",University of Illinois Urbana-Champaign {https://ror.org/047426m28}
"University of Illinois at Urbana, Champaign, USA.",University of Illinois Urbana-Champaign {https://ror.org/047426m28}
University of Illinois at Urbana-Champaign,University of Illinois Urbana-Champaign {https://ror.org/047426m28}
"University of Louvain, Heverlee, Belgium#TAB#",Université Catholique de Louvain {https://ror.org/02495e989}
University of Maryland;,"University of Maryland, College Park {https://ror.org/047s2c258}"
University of New South Wales Sydney NSW Australia,UNSW Sydney {https://ror.org/03r8z3t63}
"University of New South Wales and NICTA, Sydney, Australia#TAB#",Data61 {https://ror.org/03q397159}|UNSW Sydney {https://ror.org/03r8z3t63}
University of North Carolina at Chapel Hill,University of North Carolina at Chapel Hill {https://ror.org/0130frc33}
"University of North Carolina at Chapel Hill, Chapel Hill, NC, (USA)",University of North Carolina at Chapel Hill {https://ror.org/0130frc33}
"University of North Carolina, Chapel Hill, ",University of North Carolina at Chapel Hill {https://ror.org/0130frc33}
"University of Northern, Iowa",University of Northern Iowa {https://ror.org/02h4qpx12}
University of Paris XI,University of Paris-Sud {https://ror.org/028rypz17}
Universität Bayreuth Bayreuth Deutschland,University of Bayreuth {https://ror.org/0234wmv40}
Universität Bonn >  >  >  > >,University of Bonn {https://ror.org/041nas322}
"Universität Passau, Passau, Germany",University of Passau {https://ror.org/05ydjnb78}
"Universität, Institut für Angewandte Mathematik, Hamburg, ",Universität Hamburg {https://ror.org/00g30e956}
"Université Pierre et Marie Curie,",Sorbonne Université {https://ror.org/02en5vm52}
"Université Pierre et Marie Curie, UFR 920 BP 172, 4, place Jussieu, 75252, Paris cedex 05, Francef1E-mail: jpf@ccr.jussieu.frf1",Sorbonne Université {https://ror.org/02en5vm52}
Uniwersytet Mikołaja Kopernika w Toruniu,Nicolaus Copernicus University {https://ror.org/0102mm775}
"V. A. Steklov Mathematical Institute, Academy of Sciences of the USSR, Moscow, USSR",Steklov Mathematical Institute {https://ror.org/03zeg8w71}
"V. A. Steklov Mathematical Institute, The Academy of Sciences of the USSR, Moscow, USSR",Steklov Mathematical Institute {https://ror.org/03zeg8w71}
"V. Steklov Mathematical Institute, Akad. Nauk SSSR#TAB#",Steklov Mathematical Institute {https://ror.org/03zeg8w71}
"VSSAD, Alpha Technology Group, Compaq Computer Corporation, 334 South Street, Mail Stop SHR3-2E/R28, Shrewsbury, MA",
Vali-e-Asr University of Rafsanjan,Vali Asr University of Rafsanjan {https://ror.org/056xnk046}
"Vasavi Coll. of Eng., Hyderabad, India",
"Vilnius Univ., Vilnius, Lithuania#TAB#",Vilnius University {https://ror.org/03nadee84}
"Vision Technol. Lab, Sarnoff Corp., Princeton, NJ, USA",
"Wesleyan Univ., Middletown, CT, USA",Wesleyan University {https://ror.org/05h7xva58}
"Western New England Univ., Springfield, MA, USA",Western New England University {https://ror.org/007cnf143}
Xidian University,Xidian University {https://ror.org/05s92vm98}
"Xidian University, People¿s Republic of China",Xidian University {https://ror.org/05s92vm98}
"[Department of Computing and Information Sciences, Kansas State University, Manhattan, KS]",Kansas State University {https://ror.org/05p1j8758}
"[Department of Computing and Information Sciences, Kansas State University]",Kansas State University {https://ror.org/05p1j8758}
"[Department of Mathematics and Computer Science, University of Dundee, Dundee, UK]",University of Dundee {https://ror.org/03h2bxq36}
"[Dept. of Comput. Sci., Cornell Univ., Ithaca, NY, USA]",Cornell University {https://ror.org/05bnh6r87}
"[Dept. of Comput. Sci., Univ. of North Carolina, Chapel Hill, NC]",University of North Carolina at Chapel Hill {https://ror.org/0130frc33}
"[Dept. of Electrical and Computer Eng., University of Kashan, Kashan, Iran]",University of Kashan {https://ror.org/015zmr509}
"[Fudan Univ., Shanghai]",Fudan University {https://ror.org/013q1eq08}
"[ISN Lab, Xidian University, Xi’an, China]",Xidian University {https://ror.org/05s92vm98}
"[Peking Univ., Beijing, China]",Peking University {https://ror.org/02v51f717}
"[Physikalisch-Technische, Bundesanstalt, Germany]",Physikalisch-Technische Bundesanstalt {https://ror.org/05r3f7h03}
"[Sarnoff Corp, Princeton, NJ, USA]",
[Sarnoff Corporation],
"[Sch. of Comput. Sci., Fudan Univ., Shanghai, China]",Fudan University {https://ror.org/013q1eq08}
university of dundee,University of Dundee {https://ror.org/03h2bxq36}
"† Department of Mathematics, The Chinese University of Hong Kong, Shatin, Hong Kong (",Chinese University of Hong Kong {https://ror.org/00t33hh48}