raw_affiliation_string,label
"AL Jaber ENT and Eye Hospital, Al Ahsa, Saudi Arabia.",
کلية التجارة جاعة المنوفية,Menoufia University {https://ror.org/05sjrb944}
"قسم الهندسة المدنية والبيئة , جامعة الملك فهد للبترول والمعادن , الظهران , المملكة العربية السعودية",King Fahd University of Petroleum and Minerals {https://ror.org/03yez3163}
مدرس المناهج وطرق تدريس التربية الخاصة#N#کلية التربية – جامعة الفيوم,Fayoum University {https://ror.org/023gzwx10}
کلية التربية - جامعة السلطان قابوس - سلطنة عمان,Sultan Qaboos University {https://ror.org/04wq8zb47}
أستاذ الفقه المشارك - كلية الشريعة - جامعة جرش,Jerash University {https://ror.org/047mw5m74}
أستاذ مساعد – کلية التربية – جامعة حلوان,Helwan University {https://ror.org/00h55v928}
کلية التربيه الرياضيه بنين - جامعة الإسکندريه - مصر .,Alexandria University {https://ror.org/00mzz1w90}
الأستاذ المشارک في المناهج وطرق تدريس الرياضيات#N#جامعة الخليل/ فلسطين,Hebron University {https://ror.org/04wwgp209}
كلية مدينة العلم,Madenat Alelem University College {https://ror.org/00kazcx49}
كلية الخدمة الاجتماعية,
قسم الميديا بکلية الفنون التطبيقية ، الجامعة الألمانية بالقاهرة,German University in Cairo {https://ror.org/03rjt0z37}
بجامعة البلقاء التطبيقية,Al-Balqa Applied University {https://ror.org/00qedmt22}
جامعة الحزائر 2,
مركز البحوث التربوية والنفسية/ جامعة بغداد,University of Baghdad {https://ror.org/007f1da21}
جامعة وهران 2، الجزائر,University of Oran 2 Mohamed Ben Ahmed {https://ror.org/03k467383}
جامعة سطيف الجزائر,University Ferhat Abbas of Setif {https://ror.org/02rzqza52}
"Digestive Endoscopy Unit, Consorci Hospitalari Parc Tauli, Sabadell, Spain.",Parc Taulí Hospital Universitari {https://ror.org/02pg81z63}
"Nuclear Medicine Department, Hospital de la Santa Creu i Sant Pau, Universitat Autònoma de Barcelona, Barcelona, Spain",Universitat Autònoma de Barcelona {https://ror.org/052g8jq94}|Hospital de Sant Pau {https://ror.org/059n1d175}
"Institut de Biologia Evolutiva (CSIC-UPF), Departament de Ciències Experimentals i de la Salut, Universitat Pompeu Fabra, Barcelona 08003, Spain.,",Pompeu Fabra University {https://ror.org/04n0g0b29}|Institut de Biologia Evolutiva {https://ror.org/044mj7r89}
"Servicio de Medicina Intensiva, Hospital Universitari Arnau de Vilanova de Lleida, Lleida, Spain",Hospital Universitari Arnau de Vilanova {https://ror.org/01p3tpn79}
"Unidad de Control del Tabaquismo, Institut Català d’Oncologia-IDIBELL, L’Hospitalet (Barcelona). Departamento de Ciencias Clínicas, Facultat de Medicina, Campus de Bellvitge, Univesitat de Barcelona.",Universitat de Barcelona {https://ror.org/021018s57}|Institut Català d'Oncologia {https://ror.org/01j1eb875}|Institut d'Investigació Biomédica de Bellvitge {https://ror.org/0008xqs48}
"Fundació Observatory Esteve Duran, Barcelona, Spain",Fundació Observatori Esteve Duran {https://ror.org/04yhr9792}
"Institut de Ciències del Mar, CSIC, Pg. Marítim de la Barceloneta 37-49, Barcelona, Spain",Consejo Superior de Investigaciones Científicas {https://ror.org/02gfc7t72}|Institut de Ciències del Mar {https://ror.org/05ect0289}
"Centre d’Atenció Primària Cassà de la Selva, Institut d’Assistència Sanitària de Girona, Cassà de la Selva, Girona, España",Institut d'Assistència Sanitària {https://ror.org/058css875}
"UNESCO Chair on Sustainability - Universitat Politècnica de Catalunya, Terrassa, Barcelona, Spain",Universitat Politècnica de Catalunya {https://ror.org/03mb6wj31}
"Departament de Geodinàmica i Geofísica, Facultat de Geologia Universitat de Barcelona Barcelona Spain",Universitat de Barcelona {https://ror.org/021018s57}
"Pharmacy Unit. Hospital Clínic, Barcelona.",Hospital Clínic de Barcelona {https://ror.org/02a2kzf50}
"Turbulence and Aerodynamics Research Group (TUAREG), Universitat Politècnica de Catalunya, Colom 11, 08222 Terrassa, Barcelona, Spain",Universitat Politècnica de Catalunya {https://ror.org/03mb6wj31}
Aus der III. medizinischen Klinik der Kaiserlichen Universitat zu Kioto,Kyoto University {https://ror.org/02kpeqv85}
"6 Department of Nuclear Medicine, Klinikum Rechts der Isar, Technische Universität München, Munich, Germany.",Rechts der Isar Hospital {https://ror.org/04jc43x05}|Technical University of Munich {https://ror.org/02kkvpp62}
"Univ.-Augenklinik Münster, Deutschland",University Hospital Münster {https://ror.org/01856cw59}
"Doktor der Philosophie (PhD)  zu den psychologischen Wissenschaften,  Nationale Universität von Usbekistan",National University of Uzbekistan {https://ror.org/011647w73}
"Abteilung für Medizinische Technik und Datenverarbeitung, Universitätsklinik für Chirurgie,Graz, , AT",Graz University Hospital {https://ror.org/00pw0pp06}
"RISystem AG, Talstraße 2A, 7270 Davos, Switzerland.",
"Institut für Organische und Biomolekulare Chemie, Georg‐August‐Universität Göttingen, Tammanstraße 2, 37077 Göttingen, Germany, Fax: + 49‐551‐399475",University of Göttingen {https://ror.org/01y9bpm73}
"Institut für Anorganische Chemie und Strukturchemie, Heinrich-Heine-Universität, 40225 Düsseldorf, Germany, http://www.metallorganik.hhu.de/",Heinrich Heine University Düsseldorf {https://ror.org/024z2rq82}
"Technische Univ. BerlinEcohydrology and Landscape EvaluationErnst-Reuter-Platz 1, 10587BerlinGermany",Technische Universität Berlin {https://ror.org/03v4gjf40}
"Institut für Geowissenschaften, Universität Mainz, D 55099 Mainz, Germany",Johannes Gutenberg University Mainz {https://ror.org/023b0x485}
"Klinik für Anästhesiologie und Operative Intensivmedizin, Klinikum der Chirstian-Albrechts-Universität zu Kiel, Kiel",Kiel University {https://ror.org/04v76ef78}
Haut‐ und Laserzentrum Heidelberg Heidelberg Deutschland,
"Helmholtz‐Zentrum Potsdam, Deutsches GeoForschungsZentrum (GFZ), Telegrafenberg, 14473 Potsdam, Deutschland",Helmholtz Centre Potsdam - GFZ German Research Centre for Geosciences {https://ror.org/04z8jg394}
"bEuropean Neuroscience Institute, Grisebachstrasse 5, Göttingen 37077, Germany",European Neuroscience Institute Göttingen {https://ror.org/029w5ya68}
"Inst. of Phys., Regensburg Univ., Regensburg",University of Regensburg {https://ror.org/01eezs655}
"Agilent Technologies,",Agilent Technologies (United States) {https://ror.org/02tryst02}
1 Clinical & Experimental Sciences and.,
"Division of Vascular Surgery, UCLA, Gonda Vascular Center, Los Angeles, USA.","University of California, Los Angeles {https://ror.org/046rm7j60}"
"Snamprogetti S.p.A. Research Laboratories, Via Maritano 26, 20097 San Donato Milanese, (MI Italy",
"UNIVERSITY OF Chicago, Cincinnati, OH",University of Chicago {https://ror.org/024mw5h28}
"Synopsys India Pvt. Ltd., Mumbai",
"Dep. Agric. Chem., Meiji Univ., Kawasaki 214, Japan",Meiji University {https://ror.org/02rqvrp93}
Kharagpur India,
"Changhai Hospital,Shanghai,China",Changhai Hospital {https://ror.org/02bjs0p66}
"Abu Dhabi National Oil Company, ADNOC",Abu Dhabi National Oil (United Arab Emirates) {https://ror.org/010e8pt90}
"Anqing Normal College,Anqing 246011,China)",Anqing Normal University {https://ror.org/0127ytz78}
Immunology Program,
"Metropolitan Hospital, Piraeus, Greece",Metropolitan Hospital {https://ror.org/05a3efx98}
"Medical Department, Janssen Cilag., Madrid, Spain.",
"Department of Management, Odense University, DK 5230, Odense Denmark",
Zhuhai Founder PCB Development Co,
Bioplante,
"CWI, GB Amsterdam, The Netherlands",Centrum Wiskunde & Informatica {https://ror.org/00x7ekv49}
"Cardiologist, Dunedin Hospital, Dunedin",Dunedin Public Hospital {https://ror.org/029gprt07}
"Police Hospital, Medical, Mumbai, India",
Inst. Eurecom,EURECOM {https://ror.org/00sse7z02}
"Lincoln Institute ,",Lincoln Institute of Land Policy {https://ror.org/04k5gs878}
"Recombinetics, Inc., St Paul, USA",Recombinetics (United States) {https://ror.org/00hghab13}
Editorial Adviser,
"Plant Molecular & Cellular Genetics & Centre for Plant Molecular Biology, Bose Institute, Calcutta, India",Bose Institute {https://ror.org/01a5mqy88}
"KEEP’MOTION,,,Luzinay,,France",
Donetsk Botanical Garden,Donetsk Botanical Garden {https://ror.org/04a3ynd76}
"IIES, Stockholm University, Sweden",Stockholm University {https://ror.org/05f0yaq80}
"Caroline Institute, Stockholm.",Karolinska Institutet {https://ror.org/056d84691}
"Biological Oceanography Laboratory, Facultad de Ciencias del Mar, Campus Universitario de Tafira",Universidad de Las Palmas de Gran Canaria {https://ror.org/01teme464}
"Centro de Perfeccionamiento y Experimentación en Investigaciones Pedagógicas, Dep Inv, Santiago de Chile, Chile",
"Faculty of Medicine, Universidad Autonoma del Estado de Puebla, Puebla",Benemérita Universidad Autónoma de Puebla {https://ror.org/03p2z7827}
"Instituto Universitario de Física Aplicada a las Ciencias y las Tecnologías, Universidad de Alicante, P.O. Box 99, E-03080 Alicante, Spain",University of Alicante {https://ror.org/05t8bcz72}
"Unidad Gestión Clínica Medicina Interna, Hospital Universitario Virgen del Rocío, Seville, Spain.",Hospital Universitario Virgen del Rocío {https://ror.org/04vfhnm78}
"Servicio de Urología, Hospital Universitario Central de Asturias, Oviedo, Asturias, Spain",Central University Hospital of Asturias {https://ror.org/03v85ar63}
Hospital Universitario Virgen del Rocío/CSIC/Universidad de Sevilla Instituto de Biomedicina de Sevilla Seville Spain,Hospital Universitario Virgen del Rocío {https://ror.org/04vfhnm78}|Universidad de Sevilla {https://ror.org/03yxnpp24}|Consejo Superior de Investigaciones Científicas {https://ror.org/02gfc7t72}|Instituto de Biomedicina de Sevilla {https://ror.org/031zwx660}
"Departamento de Biología, Facultad de Química, Universidad Nacional Autónoma de México, México DF, México.",Universidad Nacional Autónoma de México {https://ror.org/01tmp8f25}
"Departamento de Mejora Genética Vegetal, Instituto de Agricultura Sostenible, Agencia Estatal Consejo Superior de Investigaciones Científicas (CSIC), Avenida Menéndez Pidal s/n, Campus Alameda del Obispo, 14004 Córdoba, Spain.",Instituto de Agricultura Sostenible {https://ror.org/039vw4178}|Consejo Superior de Investigaciones Científicas {https://ror.org/02gfc7t72}
"Servicio de Infecciones, Unidad de VIH-SIDA, Hospital Clínic de Barcelona, Barcelona, España.",Hospital Clínic de Barcelona {https://ror.org/02a2kzf50}
"Departamento de Genética y Biología Molecular, CINVESTAV, IPN, México, D.F.",Center for Research and Advanced Studies of the National Polytechnic Institute {https://ror.org/009eqmr18}|Instituto Politécnico Nacional {https://ror.org/059sp8j34}
"Universidad Nacional Autónoma de Nicaragua, León. Facultad de Ciencias Agrarias y Veterinarias. Departamento de Agroecología. Centro de Investigación en Ciencias Agrarias y Veterinarias",Universidad Nacional Autónoma de Nicaragua-León {https://ror.org/024ce2263}
Instituto de Educación Superior Tecnológico Privado “La Pontificia”,
"4Instituto de Astronomía y Meteorología, Universidad de Guadalajara, Guadalajara, Jal. 44130, México",University of Guadalajara {https://ror.org/043xj7k26}
MÉDICO RADIOLOGO. PROFESOR ASOCIADO CARRERA DE MEDICINA. UNIVERSIDAD NACIONAL DE COLOMBIA.,Universidad Nacional de Colombia {https://ror.org/059yx9a68}
"Visiting Professor, Centro de Génetica Colegio de Postgraduados, Chapingo, México.",Colegio de Postgraduados {https://ror.org/00qfnf017}
"Servicio de Hematologia, Hospital Universitario de Salamanca",
"Research Department, Fundación Universitaria Católica Lumen Gentium, Cali, Colombia",Fundación Universitaria Católica Lumen Gentium {https://ror.org/03nbh7398}
"Medicina Nuclear, Hospital Universitario de Navarra, Pamplona, Navarra, Spain",Complejo Hospitalario de Navarra {https://ror.org/011787436}
Hospital Santa Paula,Hospital Santa Paula {https://ror.org/00xfx4h06}
"Dept de Matemática Aplicada II, Universidad Politécnica de Catalunya, Terrassa, Spain",Universitat Politècnica de Catalunya {https://ror.org/03mb6wj31}
Instituto de Agricultura Sostenible-CSIC,Instituto de Agricultura Sostenible {https://ror.org/039vw4178}|Consejo Superior de Investigaciones Científicas {https://ror.org/02gfc7t72}
codirector,
"European Software Institute (ESI), Zamudio, (Bizkaia), Spain#TAB#",
دانشجوی کارشناس ارشد سازه‌های آبی، گروه مهندسی آب، دانشکده کشاورزی، دانشگاه تبریز,University of Tabriz {https://ror.org/01papkj44}
استادیار اقلیم‌شناسی دانشگاه خوارزمی تهران، ایران.,Kharazmi University {https://ror.org/05hsgex59}
استاد دانشکده علوم اداری و اقتصاد دانشگاه فردوسی مشهد,Ferdowsi University of Mashhad {https://ror.org/00g6ka752}
گروه پزشکی قانونی دانشگاه علوم پزشکی ایران,Iran University of Medical Sciences {https://ror.org/03w04rv71}
کرمانشاه-دانشکده کشاورزی، گروه ترویج و توسعه روستایی، دانشگاه رازی کرمانشاه,Razi University {https://ror.org/02ynb0474}
استادیار دانشکده علوم کشاورزی دانشگاه پیام نور,Payame Noor University {https://ror.org/031699d98}
هیات علمی دانشگاه شهید بهشتی,Shahid Beheshti University {https://ror.org/0091vmj44}
استادیار اقتصاد کشاورزی دانشگاه آزاد اسلامی واحد مبارکه,Islamic Azad University Mobarakeh {https://ror.org/01a3xr262}
مربی گروه مهندسی بهداشت محیط، دانشکده بهداشت، دانشگاه علوم پزشکی همدان,Hamedan University of Medical Sciences {https://ror.org/02ekfbp48}
واحد علوم و تحقیقات، دانشگاه آزاد، تهران,"Islamic Azad University, Tehran {https://ror.org/01kzn7k21}"
کارشناسان‌ مرکز تحقیقات‌ کشاورزی و منابع‌ طبیعی‌ استان‌ گیلان‌.,
استاد،گروه جغرافیا و برنامه ریزی روستایی، دانشکده علوم انسانی، دانشگاه تربیت مدرس,Tarbiat Modares University {https://ror.org/03mwgfy56}
دانشکده ی مهندسی عمران، دانشگاه شهید باهنرکرمان,Shahid Bahonar University of Kerman {https://ror.org/04zn42r77}
دانش‌آموختۀ کارشناسی ارشد باستان‌شناسی دانشگاه تهران,University of Tehran {https://ror.org/05vf56z40}
کارشناس ارشد باشگاه پژوهشگران جوان و نخبگان، واحد اصفهان (خوراسگان)، دانشگاه آزاد اسلامی، اصفهان، ایران,"Islamic Azad University, Isfahan {https://ror.org/039zhhm92}"
دانشجوی دکتری علوم اجتماعی، دانشگاه کاشان,University of Kashan {https://ror.org/015zmr509}
دانشجوی دکترای جغرافیا – دانشگاه اصفهان,University of Isfahan {https://ror.org/05h9t7759}
دانشجوی دکتری رشته شیعه شناسی دانشگاه ادیان ومذاهب,University of Religions and Denominations {https://ror.org/01s8nf094}
دانشکده‌ی فنی و مهندسی بخش مهندسی صنایع، دانشگاه تربیت مدرس,Tarbiat Modares University {https://ror.org/03mwgfy56}
هیئت علمی دانشگاه الزهرا,Alzahra University {https://ror.org/013cdqc34}
عضو هیأت علمی دانشگاه الزهرا,Alzahra University {https://ror.org/013cdqc34}
Chung-Ang university,Chung-Ang University {https://ror.org/01r024a98}
"Département de Pharmacie, Ecole Nationale des Sciences Biologiques, IPN, Mexico D.F., Mexique.",Instituto Politécnico Nacional {https://ror.org/059sp8j34}
"Laboratoire de Photovoltaïque, des Semiconducteurs et des Nanostructures, Centre de Recherche et des Technologies de l’énergie, BP 95 Hammam-Lif 2050, Tunisia",Research and Technology Center of Energy {https://ror.org/00dyead60}
"Centre National de la Recherche Scientifique, Equipe de Recherche Labellisée 5294, Hôpital Purpan, F-31300 Toulouse, France",French National Centre for Scientific Research {https://ror.org/02feahw73}|Hôpital Purpan {https://ror.org/03vcx3f97}
"Service de Pneumologie, Centre Hospitalier, Chartres, France",Les Hôpitaux de Chartres {https://ror.org/0267er755}
"Service de médecine du travail et de pathologie professionnelle, CHU de Bordeaux, groupe hospitalier Pellegrin, bâtiment PQR, entrée 2, 2e étage, place Amélie-Raba-Léon, 33076 Bordeaux cedex, France",Centre Hospitalier Universitaire de Bordeaux {https://ror.org/01hq89f96}|Hôpital Pellegrin {https://ror.org/02x581406}
"Service de biophysique et médecine nucléaire, hôpitaux universitaires de Strasbourg, avenue Molière, 67100 Strasbourg, France",Hôpitaux Universitaires de Strasbourg {https://ror.org/04bckew43}
"Laboratoire de physique du solide, FST, Université de Haute-Alsace, 4 rue des Frères Lumière, 68093 Mulhouse Cedex, France",University of Upper Alsace {https://ror.org/04k8k6n84}
"CNRS, Univ. Lyon I, 69622 Villeurbanne, Fr.",Claude Bernard University Lyon 1 {https://ror.org/029brtt94}|French National Centre for Scientific Research {https://ror.org/02feahw73}
"Agence nationale pour l’amélioration des conditions de travail, France",L’Agence Nationale pour l’amélioration des Conditions de Travail {https://ror.org/04ncvnx26}
"Centre de Recherche sur les Matérlaux à Haute Températures – CNRS, 45071 Orléans cedex 2, France",French National Centre for Scientific Research {https://ror.org/02feahw73}|Conditions Extrêmes et Matériaux Haute Température et Irradiation {https://ror.org/02zs48f23}
"Laboratoire de Géologie de LyonUniversité Lyon 1, Ecole Normale Supérieure de Lyon, Université Lyon, CNRSLyon France","Claude Bernard University Lyon 1 {https://ror.org/029brtt94}|École Normale Supérieure de Lyon {https://ror.org/04zmssz18}|French National Centre for Scientific Research {https://ror.org/02feahw73}|Université de Lyon {https://ror.org/01rk35k63}|Laboratoire de Géologie de Lyon : Terre, Planètes et Environnement {https://ror.org/04t89f389}"
"INRA, UR 1115 Plantes et Systèmes de culture Horticoles, Domaine Saint Paul, Site Agroparc, F-84000 Avignon, France",French National Institute for Agricultural Research {https://ror.org/01x3gbx83}|Plants and Cropping Systems in Horticulture {https://ror.org/0024c1w94}
"Laboratoire IRIT, Université Paul Sabatier, Toulouse F-31062, France",Toulouse Institute of Computer Science Research {https://ror.org/01rx4qw44}|Université Toulouse III - Paul Sabatier {https://ror.org/02v6kpv12}
"Commissariat á l'Energie Atomique, Centre d'Etudes Nucléaires de Saclay Service des Etudes de Mécanique, France",Saclay Nuclear Research Centre {https://ror.org/01fv25t22}|Atomic Energy and Alternative Energies Commission {https://ror.org/00jjx8s55}
"Centre de Physique Moléculaire Optique et Hertzienne, Université de Bordeaux I, 33405 Talence Cedex, #N#France",University of Bordeaux {https://ror.org/057qpr032}
"Galephar MF, R&D Center, B-6900 Marche en Famenne, Belgium",
"Service de pneumologie « C », hôpital A.-Mami, Ariana, Tunisie",Abderrahmane Mami Hospital {https://ror.org/04w40b524}
"Synovial Fluid Laboratory, Instituto Nacional de Rehabilitación “Luis Guillermo Ibarra Ibarra”, Mexico City, Mexico",Instituto Nacional de Rehabilitación {https://ror.org/03734cd59}
"Centro Oceanográfico de Málaga (IEO), Puerto Pesquero, s/n, 29640, Fuengirola, Spain",Centro Oceanográfico de Málaga {https://ror.org/05wy0y692}
"IOBA (Instituto Universitario de Oftalmobiología), Universidad de Valladolid, Valladolid, España",Universidad de Valladolid {https://ror.org/01fvbaw18}
"KIMS, Hubli, Karnataka, India",Karnataka Institute of Medical Sciences {https://ror.org/03d6dzy78}
"Vipnet d.o.o., Vrtni put 1, Croatia",
"Bina Nusantara (BINUS) Jakarta,  Indonesia",Binus University {https://ror.org/03zmf4s77}
"Sultan Ageng Tirtayasa University, Banten",Sultan Ageng Tirtayasa University {https://ror.org/05dmr4w13}
Fakultas Ilmu Politik dan Ilmu Sosial#R##N#Universitas Brawijaya,University of Brawijaya {https://ror.org/01wk3d929}
Universitas Ksatria Makasar,Universitas Satria Makassar {https://ror.org/04shjje75}
Politeknik LP3i Jakarta,
"Dinas PU Pengairan Daerah Kabupaten Nganjuk, Jawa Timur",
"Balai Besar Penelitian dan Pengembangan Tanaman Obat dan Obat Tradisional #R##N#Badan Litbangkes, Kementerian Kesehatan Republik Indonesia",Ministry of Health {https://ror.org/03r419717}
"Fakultas Bisnis Universitas Kristen Duta Wacana#N#Jl. Dr. Wihidin Sudiro Husodo 5 - 25, Yogyakarta, 55224",Duta Wacana Christian University {https://ror.org/036agwg70}
"Program Studi Ilmu Kesehatan Masyarakat Program Pascasarjana Universitas Indonesia Timur, Makassar",Universitas Indonesia Timur {https://ror.org/04brc3a25}
Yayasan Bina Darma,
Geografi UNP,State University of Padang {https://ror.org/04jrfgq66}
e-mail: jsg0005@tigermail.auburn.edu).,
"Department of Clinical Research in Neurology, Università degli Studi di Bari Aldo Moro, Bari, Italy.",University of Bari Aldo Moro {https://ror.org/027ynra39}
"Divisione di Neurochirurgia, Ospedale Civile di Udine",Ospedale Santa Maria della Misericordia di Udine {https://ror.org/02zpc2253}
"Dipartimento di Medicina Clinica e Sperimentale, Università di Pisa, Via Roma 55, 56126 Pisa, Italy.",University of Pisa {https://ror.org/03ad39j10}
Gabiuetto di Fisica della R. Università di Sassari,University of Sassari {https://ror.org/01bnjbv91}
"Dipartimento di Informatica e Sistemistica, Università di Roma “La Sapienza” Via Salaria 113, 00198, Rome, Italyf1E-mail: [email protected], [email protected]#TAB#",Sapienza University of Rome {https://ror.org/02be6w209}
"DICATECh: Dipartimento di Ingegneria Civile, Ambientale, del Territorio, Edile e di Chimica, Polytechnic of Bari, Campus Universitario, via Orabona 4,70125 Bari,Italy",Polytechnic University of Bari {https://ror.org/03c44v465}
"Dipartimento di Matematica, Università di Pavia, Via Ferrata 5, I-27100, Pavia, Italy.",University of Pavia {https://ror.org/00s6t1f81}
"CEC s.r.l., Gruppo ALTRAN, via Lima 41, 00198 Rome, Italy",Altran (Italy) {https://ror.org/04xhfgr69}
"University “Magna Graecia” of Catanzaro, Catanzaro, Italy",Magna Graecia University {https://ror.org/0530bdk91}
"Istituto di Clinica Psichiatrica, Università, SUN, Naples, Italy","University of Campania ""Luigi Vanvitelli"" {https://ror.org/02kqnpp86}"
"Dipartimento Elettrico, Elettronico e Sistemistico Viale A. Doria, 6, 95125, Catania, Italy",
"Dipartimento di Fisica, Università di Roma Tre and Istituto Nazionale di Fisica Nucleare sezione di Roma Tre, Via Vasca Navale 84, 00146 Roma, Italy",Roma Tre University {https://ror.org/05vf0dg29}|INFN Sezione di Roma III {https://ror.org/009wnjh50}
Università di Milano. carlo.lavecchia@unimi.it.,University of Milan {https://ror.org/00wjc7c48}
"Univ. di Padov astradella San Nicola, Vicenza",University of Padua {https://ror.org/00240q980}
"Department of Otolaryngology, Kawasaki Medical School, 577 Matsushima, Kurashiki, Okayama 701-0192, Japan",Kawasaki Medical School {https://ror.org/059z11218}
東京都臨床医学総合研究所腫瘍細胞研究室,Tokyo Metropolitan Institute of Medical Science {https://ror.org/00vya8493}
慶応義塾大学大学院社会学研究科,Keio University {https://ror.org/02kn6nx58}
北海道教育大学旭川校家庭科,Hokkaido University of Education {https://ror.org/02gn38d51}
兵庫県立大学環境人間学部食環境栄養課程,University of Hyogo {https://ror.org/0151bmh98}
(財) 鉄道総合技術研究所防災技術研究部,Railway Technical Research Institute {https://ror.org/036vt3264}
東北大・院医・環境保健医学,Tohoku University {https://ror.org/01dq60k83}
広畑小学校,
愛知製鋼,
"Hyogo College of Medicine, Mukogawa, Nishinomiya (Japan)",Hyogo Medical University {https://ror.org/001yc7927}
"Research Department, Fujimori Kogyo Co., Ltd., Imaikami‐Cho, Kawasaki‐Shi, Japan",Zacros (Japan) {https://ror.org/05dy80606}
"URIKA, LLC., Mukilteo, WA, USA",
"Fujinomiya Laboratory, Fuji Photo Film Co. Ltd, 200 Onakazato, Fujinomiya, 418-8666, Shizuoka, Japan.",Fujifilm (Japan) {https://ror.org/0493bmq37}
"New Cosmos Electric, 2-5-4 Mitsuya-Naka, Yodogawa-ku, Osaka 532, Japan",
"Ohnishi Orthodontic Clinic, 1-4-8, Shibata, Kita-Ku, Osaka 530-0012, Japan",
"Fujifilm-Wako Inc., Osaka, Japan.",
秋田大学大学院医学教育学講座,Akita University {https://ror.org/03hv1ad10}
大阪市立大学医学部附属病院中央放射線部,Osaka City University Hospital {https://ror.org/05mxean80}
富山医科薬科大学医学部生理学教室,
静岡薬科大学生化学,
佐賀大学大学院工学系研究科システム創成科学専吹,Saga University {https://ror.org/04f4wg107}
日立造船(株)環境・プラント事業本部開発企画部,Hitachi Zosen (Japan) {https://ror.org/05fvfp460}
韓国エネルギー技術研究院,
アムステルダム大学,University of Amsterdam {https://ror.org/04dkp9463}
ティアック株式会社,TEAC (Japan) {https://ror.org/00yzwhc72}
岐阜大学総合情報メディアセンター,Gifu University {https://ror.org/024exxj48}
同志社大学生命医科学部・生命医科学研究科:同志社大学ニューロセンシング・バイオナビゲーション研究センター,Doshisha University {https://ror.org/01fxdkm29}
KDDI研究所ソフトウェアインテグレーションG,KDDI Research (Japan) {https://ror.org/05qsqt662}
埼玉医科大学国際医療センター  中央検査部,Saitama International Medical Center {https://ror.org/03ftky336}
北海道大学 学生相談総合センター アクセシビリティ支援室,Hokkaido University {https://ror.org/02e16g702}
北翔大学，キングプロジェクト,Hokusho University {https://ror.org/001wjeh94}
フォトジャーナリスト,
国立水俣病総合研究センター疫学研究部調査室,National Institute for Minamata Disease {https://ror.org/052rvxk90}
"CNR-ISTC, Roma, Italy",National Research Council {https://ror.org/04zaypm56}|Institute of Cognitive Sciences and Technologies {https://ror.org/05w9g2j85}
Jabatan Pembangunan Sumber Manusia#R##N#Universiti Teknologi Malaysia,University of Technology Malaysia {https://ror.org/026w31v75}
"Department of Internal Medicine, St. Radboud Ziekenhuis, Nijmegen, The Netherlands.",Radboud University Nijmegen Medical Centre {https://ror.org/05wg1m734}
emeritus hoogleraar kinder- en jeugdpsychiatrie bij het Academisch Medisch Centrum in Amsterdam. Sinds zijn emeritaat (2009) beoefent hij het vak vanachter deschrijftafel.,Academic Medical Center {https://ror.org/03t4gr691}
"Academische Werkplaats Publieke Gezondheid Brabant, Departement Tranzo, Tilburg University, Tilburg, The Netherlands",Tilburg University {https://ror.org/04b8v1s79}
Battery Innovation Center MOBI Research Group Vrije Universiteit Brussel Pleinlaan 2 Brussels 1050 Belgium,Vrije Universiteit Brussel {https://ror.org/006e5kg04}
"Faculty of Sciences, Vrije Universiteit Amsterdam, De Boelelaan, Amsterdam, The Netherlands.",Vrije Universiteit Amsterdam {https://ror.org/008xxew50}
"Department of Orthopaedics, Bravis Hospital, Bergen op Zoom/Roosendaal, Netherlands",Bravis Ziekenhuis {https://ror.org/05564wx43}
"VU Medish Centrum, Postbus 7057, 1007 MB Amsterdam. ziekenhuis-apotheker en klinisch farmacoloog",Amsterdam UMC Location VUmc {https://ror.org/00q6h8f30}
"imec vzw, Kapeldreef 75, 3001 Heverlee, Belgium",IMEC {https://ror.org/02kcbn207}
"KU Leuven, Department of Mechanical Engineering, Celestijnenlaan 300, 3001 Heverlee, Belgium",KU Leuven {https://ror.org/05f950310}
"Onze Lieve Vrouwe Gasthuis (general hospital), P.O. Box 95500, 1090 HM, Amsterdam, The Netherlands",Onze Lieve Vrouwe Gasthuis {https://ror.org/01d02sf11}
"Department of Rehabilitation Medicine, Amsterdam Movement Sciences, Amsterdam Neurosciences, Vrije Universiteit Medical Center, Amsterdam, Netherlands.",Amsterdam Neuroscience {https://ror.org/01x2d9f70}|Amsterdam UMC Location VUmc {https://ror.org/00q6h8f30}
"Ghent University, Department of Electronics and Information Systems, TFCG Microsystems Group, Technologiepark Zwijnaarde B914, Grote Steenweg Noord, Zwijnaarde, Ghent 9052 Belgium",Ghent University {https://ror.org/00cv9y106}
"IMOMEC, IMEC vzw, Wetenschapspark 1, 3590, Diepenbeek, Belgium",IMEC {https://ror.org/02kcbn207}
"Research Laboratories NTT DoCoMo, Inc. 3-5 Hikarinooka, Kanagawa 239-8536 (Japan) Fax: (+81) 46-840-3723",
"Instytut Badań Literackich PAN, Zespół Badań nad Literaturą Zagłady",Polish Academy of Sciences {https://ror.org/01dr6c206}|Institute of Literary Research {https://ror.org/02q0p6x28}
"Institute of Physics, A Mickiewicz University, #N#Umultowska 85, 61-614 Poznan, Poland",Adam Mickiewicz University in Poznań {https://ror.org/04g6bbq64}
"Zakład Elektrochemii, Instytut Chemii, Uniwersytet w Białymstoku, al.J.Piłsudskiego 11/4, 15-443 Białystok",University of Białystok {https://ror.org/01qaqcf60}
"Akademia Ekonomiczna w Poznaniu, doktorant",Poznań University of Economics and Business {https://ror.org/0532c1x92}
"Wydział Architektury Politechniki Krakowskiej, ul. Warszawska 24, 30-155 Kraków",Cracow University of Technology {https://ror.org/00pdej676}
03-301 Warszawa,
Wojewódzki Szpital Specjalistyczny im. błogosławionego księdza Jerzego Popiełuszki we Włocławku,
"Poznańska Hodowla Roślin Sp. z o. o. Plant Breeding Station Nagrodowice, Poland.",Poznańska Hodowla Roślin (Poland) {https://ror.org/026s4w053}
"Uniwersytet Warmińsko-Mazurski, Wydział Nauk Technicznych, ul. Oczapowskiego 11, 10-900 Olsztyn",University of Warmia and Mazury in Olsztyn {https://ror.org/05s4feg49}
"Katedra Patofizjologii, Weterynarii Sądowej i Administracji, Uniwersytet Warmińsko-Mazurski w Olsztynie, Olsztyn",University of Warmia and Mazury in Olsztyn {https://ror.org/05s4feg49}
"Czestochowa University of Technology, Armii Krajowej 19 Av., 42-200 Częstochowa, Poland",Częstochowa University of Technology {https://ror.org/046awyn59}
"Institute of Physics, M. Curie-Skłodowska University, Radziszewskiego 10, Pl 20-031 Lublin, Poland",Maria Curie-Skłodowska University {https://ror.org/015h0qg34}
"Instytut Psychiatrii i Neurologii, Warszawa",Institute of Psychiatry and Neurology {https://ror.org/0468k6j36}
"Uniwersytet Warszawski, Narodowy Bank Polski",University of Warsaw {https://ror.org/039bjqg32}|National Bank of Poland {https://ror.org/00tystp70}
Łukasiewicz Network IPS TABOR,Łukasiewicz Research Network - Rail Vehicles Institute {https://ror.org/02px88477}
Dział Medyczny Roche Polska Sp. z o.o.,
"LPGP, Université Paris Sud - CNRS, 91405 Orsay, France",University of Paris-Sud {https://ror.org/028rypz17}|French National Centre for Scientific Research {https://ror.org/02feahw73}|Laboratoire de Physique des Gaz et des Plasmas {https://ror.org/04bgjpg77}
Department of Radiology Clínica Radiológica Caraffa Córdoba Argentina,
Universidade Federal de Juiz de Fora  Faculdade de Farmácia  Editor Associado Â HU Revista,Universidade Federal de Juiz de Fora {https://ror.org/04yqw9c44}
"CICEGe, Departamento de Ciências da Terra, Faculdade de Ciências e Tecnologia, Universidade nova de Lisboa, Caparica, Portugal",Universidade Nova de Lisboa {https://ror.org/02xankh89}
"Fundação Universitária de Cardiologia, Porto Alegre, Brasil",Fundação Universitária de Cardiologia {https://ror.org/01ttgmj63}
"Hospital Ana Nery, Salvador, Brazil",Hospital Ana Nery {https://ror.org/04aercx33}
"Univesidade Estadual de Ponta Grossa, Ponta Grossa - Brasil",Universidade Estadual de Ponta Grossa {https://ror.org/027s08w94}
"Município de São Paulo, São Paulo, Brazil",Prefeitura do Município de São Paulo {https://ror.org/0121en785}
"3 BIAL - Portela & C , S.A., S. Mamede do Coronado, Portugal.",Bial (Portugal) {https://ror.org/02htdjb57}
Universidade Federal do Ceará (UFC)/Graduada em Ciências Contábeis,Universidade Federal do Ceará {https://ror.org/03srtnf24}
"Universidade Federal do Rio de Janeiro, Hospital Universitário Clementino Fraga Filho, Departamento de Neurologia, Rio de Janeiro RJ, Brazil.",Universidade Federal do Rio de Janeiro {https://ror.org/03490as77}|Hospital Universitário Clementino Fraga Filho {https://ror.org/04pznag94}
"Departamento de Matemática Aplicada, Universidade Federal Fluminense, R. Mário Santos Braga, Niterói, RJ, Brasil",Universidade Federal Fluminense {https://ror.org/02rjhbb08}
"Universidade Federal de Minas Gerais, Instituto de Ciências Biológicas, Departamento de Botânica, Avenida Antônio Carlos, 6627, Pampulha, Caixa Postal 486, 31270-970 Belo Horizonte, Minas Gerais, Brazil",Universidade Federal de Minas Gerais {https://ror.org/0176yjw32}
"Universidade Aberta de Lisboa, Lisboa, Portugal",Universidade Aberta {https://ror.org/02rv3w387}
"Departamento de Físico-Química, Instituto de Química (IQ), Universidade de Campinas (UNICAMP), Campinas, São Paulo 13083-970, Brazil",Universidade Estadual de Campinas (UNICAMP) {https://ror.org/04wffgt70}
"Instituto de Bioquímica da Universidade Federal do Paraná and Instituto de Biologie e Pesquisas Tecnológicas (Divisão de Bioquímica), Curitiba, Paraná, Brazil",Federal University of Paraná {https://ror.org/05syd6y78}|Instituto de Tecnologia do Paraná {https://ror.org/01yv6h358}
"CERIS, ICIST and Departamento de Engenharia Civil, Faculdade de Ciências e Tecnologia, Universidade NOVA de Lisboa, 2829–516 Caparica, Portugal",Universidade Nova de Lisboa {https://ror.org/02xankh89}|Civil Engineering Research and Innovation for Sustainability {https://ror.org/04dqesy58}
"Escola Superior da Magistratura-ESMA/PB, curso de Especialização em Prática Judicante.",
CAUTL / LabEL / Faculdade de Letras da Universidade de Lisboa,University of Lisbon {https://ror.org/01c27hj86}
"University of Santiago de Compostela, Santiago de Compostela/Spain",Universidade de Santiago de Compostela {https://ror.org/030eybx10}
"IF-PR Campus Paranaguá, Paranaguá, Brazil",Instituto Federal de Educação Ciência e Tecnologia do Paraná {https://ror.org/02znfhp50}
"Instituto Pau Brasil de Historia Natural, Arujá, Brazil",
"Kimron Veterinary Institute, P.O.B. 12, Bet Dagan, Israel",
Pontificia Univ. Catolica de Chile (Chile),Pontificia Universidad Católica de Chile {https://ror.org/04teye511}
"Alexandru Ioan Cuza University, Faculty of Geography and Geology, Iaşi, România",Alexandru Ioan Cuza University {https://ror.org/022kvet57}
"Centrul de Cercetare în Gastroenterologie şi Hepatologie Craiova, Universitatea de Medicină şi Farmacie din Craiova, România.",University of Medicine and Pharmacy of Craiova {https://ror.org/031d5vw30}
"Politehnica University, Splaiul Independentei 313, Bucharest, Romania",Polytechnic University of Bucharest {https://ror.org/0558j5q12}
"Belarus State University, 4 Nezalezhnosti Avenue, Minsk 220030, Belarus",Belarusian State University {https://ror.org/021036w13}
Министерство сельского хозяйства РФ,Ministry of Agriculture of the Russian Federation {https://ror.org/04y3hfp43}
"Санкт-Петербургский НИИ фтизиопульмонологии, Российская Федерация",Saint-Petersburg Research Institute of Phthisiopulmonology {https://ror.org/04jg36w98}
"Волгоградский государственный университет, Волгоград, Россия",Volgograd State University {https://ror.org/0093wrd09}
Некоммерческое акционерное общество «Медицинский университет Караганды» Министерства здравоохранения Республики Казахстан,Karaganda State Medical University {https://ror.org/024cz2s53}|Ministry of Health of the Republic of Kazakhstan {https://ror.org/022syee28}
Читинский техникум железнодорожного транспорта Иркутского государственного университета путей сообщения (ЗабИЖТ ИрГУПС),Irkutsk State Transport University {https://ror.org/05smtc341}
Уральский государственный университет физической культуры (Челябинск),Ural State University of Physical Culture {https://ror.org/024xmp423}
"Санкт-Петербургский государственный университет, Российский институт истории искусств",St Petersburg University {https://ror.org/023znxa73}
Казанский кооперативный институт,
Институт экономики КР МОН РК,Ministry of Education and Science of the Republic of Kazakhstan {https://ror.org/03pj6ge82}
"кафедра экономики, Самарский государственный университет, 443011, Российская Федерация, г. Самара, ул. Акад. Павлова, 1.",Samara State University {https://ror.org/00sn9ab77}
"Музеи Московского Кремля (Кремль, 103132 Москва, Российская Федерация)",
Политехнический институт Таджикского технического университета имени академика М.С. Осими,Tajik Technical University named after academic M.S.Osimi {https://ror.org/01c1kpg39}
#R##N#ФГБОУ ДПО «Российская медицинская академия непрерывного профессионального образования» Минздрава России,Ministry of Health of the Russian Federation {https://ror.org/01p8ehb87}|Russian Medical Academy of Continuous Professional Education {https://ror.org/01t6bjk79}
"ФГБНУ «Научный центр сердечно-сосудистой хирургии им. А.Н.Бакулева», Москва",Bakulev Scientific Center for Cardiovascular Surgery Russian Academy of Medical Sciences {https://ror.org/03c94bc04}
Санкт-Петербургский государственный морской технический университет,State Marine Technical University of St. Petersburg {https://ror.org/03spdpm68}
Филиал НИИ кардиологии СО РАМН «Тюменский кардиологический центр»,Siberian Branch of the Russian Academy of Sciences {https://ror.org/02frkq021}
Федеральное государственное унитарное предприятие «Российский федеральный ядерный центр - Всероссийский научно-исследовательский институт технической физики имени академика Е.И. Забабахина»,All-Russian Scientific Research Institute of Technical Physics {https://ror.org/02se2k984}
"Policlinic Human, 18000 Niš, Serbia.",
"Ulsi Lab., Mitsubishi Electric Corp.",Mitsubishi Electric (Japan) {https://ror.org/033y26782}
"Tajimi Iwase Eye Clinic, Tajimi, Japan.",
"professor, överläkare, Karolinska universitetssjukhuset, CLINTEC, Karolinska institutet.",Karolinska University Hospital {https://ror.org/00m8d6786}|Karolinska Institutet {https://ror.org/056d84691}
"Karolinska Institutet, Department of Medicine, Karolinska University Hospital, Stockholm, Sweden. Goran.Hansson@ki.se",Karolinska University Hospital {https://ror.org/00m8d6786}|Karolinska Institutet {https://ror.org/056d84691}
"c Department of Medicine, Solna , Karolinska Institutet , Stockholm , Sweden.",Karolinska Institutet {https://ror.org/056d84691}
"Mälardalen Real-Time Research Center, Mälardalen University, P.O. Box 883, 72123 Västerås, Sweden",Mälardalen University {https://ror.org/033vfbz75}
"Gürgan Clinic, Ankara",
"Baskent Universitesi Tip Fakultesi infeksiyon Hastaliklari ve Klinik Mikrobiyoloji Anabilim Dali, Ankara",Başkent University {https://ror.org/02v9bqx10}
"Department of Cardiology, Türkiye Yüksek Ihtisas Hastanesi, Ankara, Turkey.",Türkiye Yüksek İhtisas Hastanesi {https://ror.org/000e3j968}
"Mersin Üniversitesi, Mimarlık Fakültesi, Mimarlık Bölümü",Mersin University {https://ror.org/04nqdwb39}
Anadolu Üniversitesi güzel Sanatlar Fakültesi,Anadolu University {https://ror.org/05nz37n09}
"Hacettepe Üniversitesi Onkoloji Enstitüsü Medikal Onkoloji Bölümü, Ankara, Türkiye",Hacettepe University {https://ror.org/04kwvgz42}
"Department of Industrial Engineering, Özyeğin University, Çekmeköy, İstanbul, Türkiye",Özyeğin University {https://ror.org/01jjhfr75}
"Izmir Bakircay Üniversitesi, İİBF, İsletme bolumu",Bakırçay Üniversitesi {https://ror.org/017v96566}
"Gümüşhane Üniversitesi, Edebiyat Fakültesi, Türk Dili ve Edebiyatı Bölümü",Gümüşhane University {https://ror.org/00r9t7n55}
Cayeli Bakir Isletmeleri A.S.,
"Başkent Üniversitesi İktisadi ve İdari Bilimler Fakültesi Ankara, Türkiye",Başkent University {https://ror.org/02v9bqx10}
ATATÜRK ÜNİVERSİTESİ#R##N#K.K.E.F.#R##N#Eğitim Bilimleri Bölümü,Atatürk University {https://ror.org/03je5c526}
"Yun  1, HE Juan  1, CHANG Jun  Bao    1   , CHEN Rong  Feng  1   XIE Jing  Xi  1, GE Yong  Hui  1, LIU Yue  Qi  2",
"~a,WANG Zhi-qiang~a,XU Li-na~b,ZHU Zi-hao~c",
"Shandong Geological Mapping Institute,Shandong Jinan 250011,China)",Shandong Geological Sciences Institute {https://ror.org/00av6fw44}
"The Hospital of Zaozhuang,Shandong Zaozhuang 277102,China)",Zaozhuang Municipal Hospital {https://ror.org/01nvdh647}
"~1,MA Guang-wen~1,WU Shi-yong~",
LI Shuang-ling,
"Zuxia.com Inc., Xiamen",
四川省乐山市人民医院神经外科,
063000 唐山市人民医院心内科,Tangshan People's Hospital {https://ror.org/00xw2x114}
"福建医科大学电镜室,福建,福州350004",Fujian Medical University {https://ror.org/050s6ns64}
"100730,卫生部北京医院护理质控教学办公室",Beijing Hospital {https://ror.org/02jwb5s28}|Ministry of Health {https://ror.org/00pkvys92}
上海市公共卫生中心临床中心,Shanghai Public Health Clinical Center {https://ror.org/01nnwyz44}
上海杨浦区中心医院,Yangpu Hospital of Tongji University {https://ror.org/05cqn9380}
"Nanjing 210007, China )",
"广州医学院第三附属医院妇二区,广东广州,510150",Third Affiliated Hospital of Guangzhou Medical University {https://ror.org/00fb35g87}
安徽医科大学第一附属医院内分泌科,First Affiliated Hospital of Anhui Medical University {https://ror.org/03t1yn780}
"510080 广州,中山大学附属第一医院医学影像科","The First Affiliated Hospital, Sun Yat-sen University {https://ror.org/037p24858}"
"温州医学院附属育英儿童医院,浙江,温州,325003",Second Affiliated Hospital & Yuying Children's Hospital of Wenzhou Medical University {https://ror.org/0156rhd17}
430022，武汉，华中科技大学同济医学院生化教研室,Huazhong University of Science and Technology {https://ror.org/00p991c53}
"116011,大连,大连医科大学附属一院眼科",First Affiliated Hospital of Dalian Medical University {https://ror.org/055w74b96}
"哈尔滨医科大学附属第二医院呼吸一科,150086",Second Affiliated Hospital of Harbin Medical University {https://ror.org/03s8txj32}
佛山市顺德区第一人民医院,The First People's Hospital of Shunde {https://ror.org/00wwb2b69}
"广东药学院药剂学教研室,广东,广州,510006",Guangdong Pharmaceutical University {https://ror.org/02vg7mz57}
東京都立科学技術大学[院],Tokyo Metropolitan University {https://ror.org/00ws30h19}
岡山大学医学部第三内科,Okayama University {https://ror.org/02pc6pc55}
沈阳市苏家屯区中心医院普通外科,Shenyang Sujiatun District Central Hospital {https://ror.org/00sv6gs75}